Mono path[0] = 'C:/Program Files (x86)/Steam/steamapps/common/Across the Obelisk/AcrossTheObelisk_Data/Managed'
Mono config path = 'C:/Program Files (x86)/Steam/steamapps/common/Across the Obelisk/MonoBleedingEdge/etc'
Input System module state changed to: Initialized.
[PhysX] Initialized MultithreadedTaskDispatcher with 4 workers.
Initialize engine version: 2022.3.62f2 (7670c08855a9)
[Subsystems] Discovering subsystems at path C:/Program Files (x86)/Steam/steamapps/common/Across the Obelisk/AcrossTheObelisk_Data/UnitySubsystems
GfxDevice: creating device client; threaded=1; jobified=1
Direct3D:
    Version:  Direct3D 11.0 [level 11.1]
    Renderer: NVIDIA GeForce GTX 1050 Ti (ID=0x1c82)
    Vendor:   NVIDIA
    VRAM:     4004 MB
    Driver:   32.0.15.8129
Begin MonoManager ReloadAssembly
- Loaded All Assemblies, in  0.305 seconds
- Finished resetting the current domain, in  0.002 seconds
<RI> Initializing input.
Using Windows.Gaming.Input
<RI> Input initialized.
<RI> Initialized touch support.
[PhysX] Initialized MultithreadedTaskDispatcher with 4 workers.
UnloadTime: 6.908100 ms
Unloading 6 Unused Serialized files (Serialized files now loaded: 0)
[PhysX] Initialized MultithreadedTaskDispatcher with 4 workers.
UnloadTime: 1.260300 ms
Unloading 4 unused Assets to reduce memory usage. Loaded Objects now: 23647.
Total: 13.868200 ms (FindLiveObjects: 2.148700 ms CreateObjectMapping: 1.138700 ms MarkObjects: 10.506800 ms  DeleteObjects: 0.073700 ms)

Setting breakpad minidump AppID = 1385380
SteamInternal_SetMinidumpSteamID:  Caching Steam ID:  76561198084765259 [API loaded no]
Unloading 3 Unused Serialized files (Serialized files now loaded: 0)
Unloading 29427 unused Assets to reduce memory usage. Loaded Objects now: 201769.
Total: 422.157500 ms (FindLiveObjects: 19.464700 ms CreateObjectMapping: 30.532000 ms MarkObjects: 354.784900 ms  DeleteObjects: 17.375800 ms)

Unloading 4 Unused Serialized files (Serialized files now loaded: 0)
[PhysX] Initialized MultithreadedTaskDispatcher with 4 workers.
UnloadTime: 4.165700 ms
Unloading 63 unused Assets to reduce memory usage. Loaded Objects now: 201684.
Total: 319.880000 ms (FindLiveObjects: 21.586300 ms CreateObjectMapping: 29.833600 ms MarkObjects: 267.878800 ms  DeleteObjects: 0.580800 ms)

Unloading 0 Unused Serialized files (Serialized files now loaded: 0)
Unloading 0 unused Assets to reduce memory usage. Loaded Objects now: 201684.
Total: 307.994300 ms (FindLiveObjects: 16.228100 ms CreateObjectMapping: 22.880000 ms MarkObjects: 268.499400 ms  DeleteObjects: 0.386400 ms)

Unloading 7 Unused Serialized files (Serialized files now loaded: 0)
[PhysX] Initialized MultithreadedTaskDispatcher with 4 workers.
UnloadTime: 2.309400 ms
Unloading 6 unused Assets to reduce memory usage. Loaded Objects now: 204380.
Total: 296.964500 ms (FindLiveObjects: 15.457200 ms CreateObjectMapping: 22.344100 ms MarkObjects: 258.807400 ms  DeleteObjects: 0.355500 ms)

Unloading 1 Unused Serialized files (Serialized files now loaded: 0)
Unloading 17 unused Assets to reduce memory usage. Loaded Objects now: 204405.
Total: 306.161200 ms (FindLiveObjects: 15.626700 ms CreateObjectMapping: 22.156500 ms MarkObjects: 268.044500 ms  DeleteObjects: 0.333300 ms)

Unloading 9 Unused Serialized files (Serialized files now loaded: 0)
[PhysX] Initialized MultithreadedTaskDispatcher with 4 workers.
UnloadTime: 8.455000 ms
Unloading 135 unused Assets to reduce memory usage. Loaded Objects now: 369905.
Total: 413.517900 ms (FindLiveObjects: 28.743100 ms CreateObjectMapping: 50.770500 ms MarkObjects: 332.910700 ms  DeleteObjects: 1.093300 ms)

Unloading 0 Unused Serialized files (Serialized files now loaded: 0)
Unloading 0 unused Assets to reduce memory usage. Loaded Objects now: 369948.
Total: 408.670100 ms (FindLiveObjects: 28.736500 ms CreateObjectMapping: 46.115600 ms MarkObjects: 333.170100 ms  DeleteObjects: 0.647400 ms)

The referenced script (Unknown) on this Behaviour is missing!
The referenced script on this Behaviour (Game Object 'Forest_Day') is missing!
Unloading 9 Unused Serialized files (Serialized files now loaded: 0)
[PhysX] Initialized MultithreadedTaskDispatcher with 4 workers.
UnloadTime: 54.738800 ms
Unloading 21 unused Assets to reduce memory usage. Loaded Objects now: 386980.
Total: 513.991500 ms (FindLiveObjects: 68.727600 ms CreateObjectMapping: 127.767500 ms MarkObjects: 315.422000 ms  DeleteObjects: 2.074300 ms)

Unloading 1 Unused Serialized files (Serialized files now loaded: 0)
Unloading 13219 unused Assets to reduce memory usage. Loaded Objects now: 397452.
Total: 400.172500 ms (FindLiveObjects: 44.947600 ms CreateObjectMapping: 69.331400 ms MarkObjects: 274.055000 ms  DeleteObjects: 11.838300 ms)

Unloading 7 Unused Serialized files (Serialized files now loaded: 0)
[PhysX] Initialized MultithreadedTaskDispatcher with 4 workers.
UnloadTime: 25.004100 ms
Unloading 49 unused Assets to reduce memory usage. Loaded Objects now: 384558.
Total: 415.456700 ms (FindLiveObjects: 37.593600 ms CreateObjectMapping: 73.378100 ms MarkObjects: 300.965200 ms  DeleteObjects: 3.519600 ms)

Unloading 0 Unused Serialized files (Serialized files now loaded: 0)
Unloading 0 unused Assets to reduce memory usage. Loaded Objects now: 385748.
Total: 350.660500 ms (FindLiveObjects: 33.348700 ms CreateObjectMapping: 62.689200 ms MarkObjects: 252.469500 ms  DeleteObjects: 2.152700 ms)

Unloading 9 Unused Serialized files (Serialized files now loaded: 0)
[PhysX] Initialized MultithreadedTaskDispatcher with 4 workers.
UnloadTime: 11.788400 ms
Unloading 15 unused Assets to reduce memory usage. Loaded Objects now: 393772.
Total: 316.449100 ms (FindLiveObjects: 32.191500 ms CreateObjectMapping: 60.488600 ms MarkObjects: 221.837800 ms  DeleteObjects: 1.930900 ms)

Unloading 0 Unused Serialized files (Serialized files now loaded: 0)
Unloading 0 unused Assets to reduce memory usage. Loaded Objects now: 393815.
Total: 324.669800 ms (FindLiveObjects: 31.797800 ms CreateObjectMapping: 60.999500 ms MarkObjects: 230.089300 ms  DeleteObjects: 1.782800 ms)

Unloading 9 Unused Serialized files (Serialized files now loaded: 0)
[PhysX] Initialized MultithreadedTaskDispatcher with 4 workers.
UnloadTime: 16.139200 ms
Unloading 22 unused Assets to reduce memory usage. Loaded Objects now: 388214.
Total: 360.626500 ms (FindLiveObjects: 33.222200 ms CreateObjectMapping: 65.815300 ms MarkObjects: 259.660300 ms  DeleteObjects: 1.928400 ms)

Unloading 0 Unused Serialized files (Serialized files now loaded: 0)
Unloading 26806 unused Assets to reduce memory usage. Loaded Objects now: 397643.
Total: 411.222000 ms (FindLiveObjects: 66.694000 ms CreateObjectMapping: 74.437800 ms MarkObjects: 249.252100 ms  DeleteObjects: 20.837600 ms)

Unloading 7 Unused Serialized files (Serialized files now loaded: 0)
[PhysX] Initialized MultithreadedTaskDispatcher with 4 workers.
UnloadTime: 21.789900 ms
Unloading 44 unused Assets to reduce memory usage. Loaded Objects now: 385684.
Total: 344.903300 ms (FindLiveObjects: 32.601200 ms CreateObjectMapping: 60.875800 ms MarkObjects: 248.278200 ms  DeleteObjects: 3.147600 ms)

Unloading 0 Unused Serialized files (Serialized files now loaded: 0)
Unloading 0 unused Assets to reduce memory usage. Loaded Objects now: 386313.
Total: 343.437600 ms (FindLiveObjects: 29.893300 ms CreateObjectMapping: 58.965000 ms MarkObjects: 252.235800 ms  DeleteObjects: 2.343000 ms)

Unloading 9 Unused Serialized files (Serialized files now loaded: 0)
[PhysX] Initialized MultithreadedTaskDispatcher with 4 workers.
UnloadTime: 9.780500 ms
Unloading 15 unused Assets to reduce memory usage. Loaded Objects now: 393889.
Total: 312.948200 ms (FindLiveObjects: 32.112500 ms CreateObjectMapping: 61.311300 ms MarkObjects: 217.202300 ms  DeleteObjects: 2.321900 ms)

Unloading 0 Unused Serialized files (Serialized files now loaded: 0)
Unloading 0 unused Assets to reduce memory usage. Loaded Objects now: 394932.
Total: 310.417300 ms (FindLiveObjects: 32.438200 ms CreateObjectMapping: 61.030200 ms MarkObjects: 214.599700 ms  DeleteObjects: 2.348600 ms)

Unloading 9 Unused Serialized files (Serialized files now loaded: 0)
[PhysX] Initialized MultithreadedTaskDispatcher with 4 workers.
UnloadTime: 17.194400 ms
Unloading 24 unused Assets to reduce memory usage. Loaded Objects now: 388329.
Total: 317.606300 ms (FindLiveObjects: 29.329100 ms CreateObjectMapping: 58.382000 ms MarkObjects: 227.710800 ms  DeleteObjects: 2.184100 ms)

Unloading 0 Unused Serialized files (Serialized files now loaded: 0)
Unloading 20534 unused Assets to reduce memory usage. Loaded Objects now: 399394.
Total: 424.393200 ms (FindLiveObjects: 40.261500 ms CreateObjectMapping: 68.440700 ms MarkObjects: 298.757700 ms  DeleteObjects: 16.933100 ms)

Unloading 9 Unused Serialized files (Serialized files now loaded: 0)
[PhysX] Initialized MultithreadedTaskDispatcher with 4 workers.
UnloadTime: 27.142900 ms
Unloading 20 unused Assets to reduce memory usage. Loaded Objects now: 393916.
Total: 361.042200 ms (FindLiveObjects: 35.483700 ms CreateObjectMapping: 67.041400 ms MarkObjects: 256.019900 ms  DeleteObjects: 2.496800 ms)

Unloading 0 Unused Serialized files (Serialized files now loaded: 0)
Unloading 0 unused Assets to reduce memory usage. Loaded Objects now: 393959.
Total: 506.257500 ms (FindLiveObjects: 34.905000 ms CreateObjectMapping: 64.707600 ms MarkObjects: 403.747500 ms  DeleteObjects: 2.897100 ms)

Unloading 9 Unused Serialized files (Serialized files now loaded: 0)
[PhysX] Initialized MultithreadedTaskDispatcher with 4 workers.
UnloadTime: 19.311400 ms
Unloading 36 unused Assets to reduce memory usage. Loaded Objects now: 388344.
Total: 347.436700 ms (FindLiveObjects: 34.716300 ms CreateObjectMapping: 66.925300 ms MarkObjects: 243.073900 ms  DeleteObjects: 2.720900 ms)

Unloading 0 Unused Serialized files (Serialized files now loaded: 0)
Unloading 66758 unused Assets to reduce memory usage. Loaded Objects now: 398253.
Total: 451.344000 ms (FindLiveObjects: 59.439200 ms CreateObjectMapping: 75.969500 ms MarkObjects: 266.338100 ms  DeleteObjects: 49.596800 ms)

Unloading 7 Unused Serialized files (Serialized files now loaded: 0)
[PhysX] Initialized MultithreadedTaskDispatcher with 4 workers.
UnloadTime: 27.819700 ms
Unloading 49 unused Assets to reduce memory usage. Loaded Objects now: 385788.
Total: 393.316800 ms (FindLiveObjects: 34.980000 ms CreateObjectMapping: 68.507000 ms MarkObjects: 286.960300 ms  DeleteObjects: 2.869300 ms)

Unloading 0 Unused Serialized files (Serialized files now loaded: 0)
Unloading 0 unused Assets to reduce memory usage. Loaded Objects now: 386409.
Total: 385.947000 ms (FindLiveObjects: 34.522900 ms CreateObjectMapping: 65.953800 ms MarkObjects: 282.931400 ms  DeleteObjects: 2.538200 ms)

Unloading 9 Unused Serialized files (Serialized files now loaded: 0)
[PhysX] Initialized MultithreadedTaskDispatcher with 4 workers.
UnloadTime: 10.829200 ms
Unloading 15 unused Assets to reduce memory usage. Loaded Objects now: 393975.
Total: 348.225800 ms (FindLiveObjects: 37.070000 ms CreateObjectMapping: 65.363600 ms MarkObjects: 243.749300 ms  DeleteObjects: 2.042800 ms)

Unloading 0 Unused Serialized files (Serialized files now loaded: 0)
Unloading 29 unused Assets to reduce memory usage. Loaded Objects now: 393989.
Total: 344.712600 ms (FindLiveObjects: 34.334000 ms CreateObjectMapping: 63.299700 ms MarkObjects: 245.109100 ms  DeleteObjects: 1.969400 ms)

Unloading 9 Unused Serialized files (Serialized files now loaded: 0)
[PhysX] Initialized MultithreadedTaskDispatcher with 4 workers.
UnloadTime: 17.548600 ms
Unloading 25 unused Assets to reduce memory usage. Loaded Objects now: 388385.
Total: 320.728300 ms (FindLiveObjects: 31.880500 ms CreateObjectMapping: 62.344600 ms MarkObjects: 224.401000 ms  DeleteObjects: 2.101900 ms)

Unloading 0 Unused Serialized files (Serialized files now loaded: 0)
Unloading 40298 unused Assets to reduce memory usage. Loaded Objects now: 394272.
Total: 397.237200 ms (FindLiveObjects: 53.899900 ms CreateObjectMapping: 69.897900 ms MarkObjects: 244.958700 ms  DeleteObjects: 28.480300 ms)

Unloading 7 Unused Serialized files (Serialized files now loaded: 0)
[PhysX] Initialized MultithreadedTaskDispatcher with 4 workers.
UnloadTime: 21.049000 ms
Unloading 45 unused Assets to reduce memory usage. Loaded Objects now: 385932.
Total: 349.922700 ms (FindLiveObjects: 32.005700 ms CreateObjectMapping: 64.478400 ms MarkObjects: 251.351500 ms  DeleteObjects: 2.086800 ms)

Unloading 0 Unused Serialized files (Serialized files now loaded: 0)
Unloading 0 unused Assets to reduce memory usage. Loaded Objects now: 387343.
Total: 351.056300 ms (FindLiveObjects: 35.161400 ms CreateObjectMapping: 60.435300 ms MarkObjects: 253.404100 ms  DeleteObjects: 2.055300 ms)

Unloading 9 Unused Serialized files (Serialized files now loaded: 0)
[PhysX] Initialized MultithreadedTaskDispatcher with 4 workers.
UnloadTime: 11.364900 ms
Unloading 15 unused Assets to reduce memory usage. Loaded Objects now: 394101.
Total: 310.590500 ms (FindLiveObjects: 32.333600 ms CreateObjectMapping: 60.198500 ms MarkObjects: 216.237500 ms  DeleteObjects: 1.820600 ms)

Unloading 0 Unused Serialized files (Serialized files now loaded: 0)
Unloading 0 unused Assets to reduce memory usage. Loaded Objects now: 394179.
Total: 315.616200 ms (FindLiveObjects: 34.308600 ms CreateObjectMapping: 60.703600 ms MarkObjects: 218.688200 ms  DeleteObjects: 1.915400 ms)

Unloading 8 Unused Serialized files (Serialized files now loaded: 0)
[PhysX] Initialized MultithreadedTaskDispatcher with 4 workers.
UnloadTime: 16.755200 ms
Unloading 51 unused Assets to reduce memory usage. Loaded Objects now: 386625.
Total: 335.457300 ms (FindLiveObjects: 31.636100 ms CreateObjectMapping: 62.047300 ms MarkObjects: 239.318300 ms  DeleteObjects: 2.455200 ms)

Unloading 0 Unused Serialized files (Serialized files now loaded: 0)
Unloading 0 unused Assets to reduce memory usage. Loaded Objects now: 389464.
Total: 350.477800 ms (FindLiveObjects: 39.504000 ms CreateObjectMapping: 64.060000 ms MarkObjects: 245.008700 ms  DeleteObjects: 1.904800 ms)

Unloading 9 Unused Serialized files (Serialized files now loaded: 0)
[PhysX] Initialized MultithreadedTaskDispatcher with 4 workers.
UnloadTime: 13.581500 ms
Unloading 9 unused Assets to reduce memory usage. Loaded Objects now: 394101.
Total: 314.326600 ms (FindLiveObjects: 33.612200 ms CreateObjectMapping: 62.783300 ms MarkObjects: 215.996100 ms  DeleteObjects: 1.934900 ms)

Unloading 0 Unused Serialized files (Serialized files now loaded: 0)
Unloading 0 unused Assets to reduce memory usage. Loaded Objects now: 395285.
Total: 317.705600 ms (FindLiveObjects: 33.446700 ms CreateObjectMapping: 62.016500 ms MarkObjects: 220.310100 ms  DeleteObjects: 1.932000 ms)

Unloading 9 Unused Serialized files (Serialized files now loaded: 0)
[PhysX] Initialized MultithreadedTaskDispatcher with 4 workers.
UnloadTime: 19.230200 ms
Unloading 26 unused Assets to reduce memory usage. Loaded Objects now: 388546.
Total: 341.508600 ms (FindLiveObjects: 32.472000 ms CreateObjectMapping: 63.275100 ms MarkObjects: 243.800400 ms  DeleteObjects: 1.960900 ms)

Unloading 0 Unused Serialized files (Serialized files now loaded: 0)
Unloading 94623 unused Assets to reduce memory usage. Loaded Objects now: 397706.
Total: 549.123900 ms (FindLiveObjects: 60.127000 ms CreateObjectMapping: 82.640900 ms MarkObjects: 322.097400 ms  DeleteObjects: 84.258200 ms)

Unloading 7 Unused Serialized files (Serialized files now loaded: 0)
[PhysX] Initialized MultithreadedTaskDispatcher with 4 workers.
UnloadTime: 24.353700 ms
Unloading 49 unused Assets to reduce memory usage. Loaded Objects now: 385945.
Total: 349.467900 ms (FindLiveObjects: 32.435300 ms CreateObjectMapping: 63.115100 ms MarkObjects: 251.730700 ms  DeleteObjects: 2.186300 ms)

Unloading 0 Unused Serialized files (Serialized files now loaded: 0)
Unloading 0 unused Assets to reduce memory usage. Loaded Objects now: 386480.
Total: 353.697500 ms (FindLiveObjects: 36.442300 ms CreateObjectMapping: 60.503400 ms MarkObjects: 254.649600 ms  DeleteObjects: 2.102000 ms)

Unloading 9 Unused Serialized files (Serialized files now loaded: 0)
[PhysX] Initialized MultithreadedTaskDispatcher with 4 workers.
UnloadTime: 12.364500 ms
Unloading 15 unused Assets to reduce memory usage. Loaded Objects now: 394128.
Total: 331.296500 ms (FindLiveObjects: 33.458700 ms CreateObjectMapping: 64.077100 ms MarkObjects: 231.791200 ms  DeleteObjects: 1.969300 ms)

Unloading 0 Unused Serialized files (Serialized files now loaded: 0)
Unloading 0 unused Assets to reduce memory usage. Loaded Objects now: 394193.
Total: 346.683900 ms (FindLiveObjects: 41.259500 ms CreateObjectMapping: 62.022100 ms MarkObjects: 241.274500 ms  DeleteObjects: 2.127400 ms)

Unloading 9 Unused Serialized files (Serialized files now loaded: 0)
[PhysX] Initialized MultithreadedTaskDispatcher with 4 workers.
UnloadTime: 16.907900 ms
Unloading 23 unused Assets to reduce memory usage. Loaded Objects now: 388569.
Total: 355.074900 ms (FindLiveObjects: 31.784000 ms CreateObjectMapping: 61.828900 ms MarkObjects: 259.440100 ms  DeleteObjects: 2.021600 ms)

Unloading 0 Unused Serialized files (Serialized files now loaded: 0)
Unloading 95934 unused Assets to reduce memory usage. Loaded Objects now: 396631.
Total: 475.985000 ms (FindLiveObjects: 54.149500 ms CreateObjectMapping: 76.532500 ms MarkObjects: 264.207700 ms  DeleteObjects: 81.095000 ms)

Unloading 9 Unused Serialized files (Serialized files now loaded: 0)
[PhysX] Initialized MultithreadedTaskDispatcher with 4 workers.
UnloadTime: 21.036100 ms
Unloading 21 unused Assets to reduce memory usage. Loaded Objects now: 394138.
Total: 333.250100 ms (FindLiveObjects: 33.519600 ms CreateObjectMapping: 63.318700 ms MarkObjects: 234.348300 ms  DeleteObjects: 2.063200 ms)

Unloading 0 Unused Serialized files (Serialized files now loaded: 0)
Unloading 0 unused Assets to reduce memory usage. Loaded Objects now: 394203.
Total: 347.052000 ms (FindLiveObjects: 32.876500 ms CreateObjectMapping: 62.233100 ms MarkObjects: 249.892400 ms  DeleteObjects: 2.049700 ms)

Unloading 9 Unused Serialized files (Serialized files now loaded: 0)
[PhysX] Initialized MultithreadedTaskDispatcher with 4 workers.
UnloadTime: 18.587000 ms
Unloading 28 unused Assets to reduce memory usage. Loaded Objects now: 388574.
Total: 358.288000 ms (FindLiveObjects: 32.080700 ms CreateObjectMapping: 62.548700 ms MarkObjects: 261.743700 ms  DeleteObjects: 1.914800 ms)

Unloading 0 Unused Serialized files (Serialized files now loaded: 0)
Unloading 118397 unused Assets to reduce memory usage. Loaded Objects now: 395033.
Total: 520.018700 ms (FindLiveObjects: 57.588600 ms CreateObjectMapping: 77.581200 ms MarkObjects: 271.790000 ms  DeleteObjects: 113.058500 ms)

Unloading 7 Unused Serialized files (Serialized files now loaded: 0)
[PhysX] Initialized MultithreadedTaskDispatcher with 4 workers.
UnloadTime: 22.364600 ms
Unloading 48 unused Assets to reduce memory usage. Loaded Objects now: 386001.
Total: 354.157800 ms (FindLiveObjects: 30.580000 ms CreateObjectMapping: 60.887900 ms MarkObjects: 259.068500 ms  DeleteObjects: 3.621200 ms)

Unloading 0 Unused Serialized files (Serialized files now loaded: 0)
Unloading 0 unused Assets to reduce memory usage. Loaded Objects now: 386147.
Total: 400.653600 ms (FindLiveObjects: 35.025000 ms CreateObjectMapping: 64.079800 ms MarkObjects: 299.271900 ms  DeleteObjects: 2.276100 ms)

Unloading 9 Unused Serialized files (Serialized files now loaded: 0)
[PhysX] Initialized MultithreadedTaskDispatcher with 4 workers.
UnloadTime: 11.458700 ms
Unloading 15 unused Assets to reduce memory usage. Loaded Objects now: 394171.
Total: 351.461500 ms (FindLiveObjects: 36.088200 ms CreateObjectMapping: 71.629700 ms MarkObjects: 241.757200 ms  DeleteObjects: 1.986000 ms)

Unloading 0 Unused Serialized files (Serialized files now loaded: 0)
Unloading 0 unused Assets to reduce memory usage. Loaded Objects now: 394284.
Total: 348.679100 ms (FindLiveObjects: 33.360300 ms CreateObjectMapping: 63.020300 ms MarkObjects: 250.209500 ms  DeleteObjects: 2.088700 ms)

Unloading 8 Unused Serialized files (Serialized files now loaded: 0)
[PhysX] Initialized MultithreadedTaskDispatcher with 4 workers.
UnloadTime: 20.417400 ms
Unloading 56 unused Assets to reduce memory usage. Loaded Objects now: 386697.
Total: 361.688700 ms (FindLiveObjects: 31.809600 ms CreateObjectMapping: 62.484200 ms MarkObjects: 265.094300 ms  DeleteObjects: 2.300400 ms)

Unloading 0 Unused Serialized files (Serialized files now loaded: 0)
Unloading 0 unused Assets to reduce memory usage. Loaded Objects now: 390512.
Total: 360.088700 ms (FindLiveObjects: 31.877600 ms CreateObjectMapping: 61.180800 ms MarkObjects: 263.975100 ms  DeleteObjects: 3.054900 ms)

Unloading 9 Unused Serialized files (Serialized files now loaded: 0)
[PhysX] Initialized MultithreadedTaskDispatcher with 4 workers.
UnloadTime: 13.812700 ms
Unloading 9 unused Assets to reduce memory usage. Loaded Objects now: 394179.
Total: 341.372600 ms (FindLiveObjects: 32.281600 ms CreateObjectMapping: 61.159500 ms MarkObjects: 245.762600 ms  DeleteObjects: 2.168600 ms)

Unloading 0 Unused Serialized files (Serialized files now loaded: 0)
Unloading 0 unused Assets to reduce memory usage. Loaded Objects now: 395231.
Total: 344.741500 ms (FindLiveObjects: 32.516500 ms CreateObjectMapping: 61.768300 ms MarkObjects: 248.467700 ms  DeleteObjects: 1.988700 ms)

Unloading 9 Unused Serialized files (Serialized files now loaded: 0)
[PhysX] Initialized MultithreadedTaskDispatcher with 4 workers.
UnloadTime: 19.236300 ms
Unloading 27 unused Assets to reduce memory usage. Loaded Objects now: 388609.
Total: 340.385800 ms (FindLiveObjects: 30.867600 ms CreateObjectMapping: 60.639100 ms MarkObjects: 246.847300 ms  DeleteObjects: 2.031500 ms)

Unloading 0 Unused Serialized files (Serialized files now loaded: 0)
Unloading 18000 unused Assets to reduce memory usage. Loaded Objects now: 397993.
Total: 375.459500 ms (FindLiveObjects: 39.068400 ms CreateObjectMapping: 65.953100 ms MarkObjects: 256.627200 ms  DeleteObjects: 13.810400 ms)

Unloading 9 Unused Serialized files (Serialized files now loaded: 0)
[PhysX] Initialized MultithreadedTaskDispatcher with 4 workers.
UnloadTime: 21.826000 ms
Unloading 14 unused Assets to reduce memory usage. Loaded Objects now: 394187.
Total: 337.583000 ms (FindLiveObjects: 33.723000 ms CreateObjectMapping: 62.404800 ms MarkObjects: 239.423800 ms  DeleteObjects: 2.031200 ms)

Unloading 0 Unused Serialized files (Serialized files now loaded: 0)
Unloading 0 unused Assets to reduce memory usage. Loaded Objects now: 394252.
Total: 341.236000 ms (FindLiveObjects: 32.631000 ms CreateObjectMapping: 61.976400 ms MarkObjects: 244.447100 ms  DeleteObjects: 2.180500 ms)

Unloading 9 Unused Serialized files (Serialized files now loaded: 0)
[PhysX] Initialized MultithreadedTaskDispatcher with 4 workers.
UnloadTime: 19.239000 ms
Unloading 43 unused Assets to reduce memory usage. Loaded Objects now: 388608.
Total: 357.030300 ms (FindLiveObjects: 33.895500 ms CreateObjectMapping: 62.535300 ms MarkObjects: 258.606200 ms  DeleteObjects: 1.993100 ms)

Unloading 0 Unused Serialized files (Serialized files now loaded: 0)
Unloading 117068 unused Assets to reduce memory usage. Loaded Objects now: 397532.
Total: 518.027800 ms (FindLiveObjects: 55.569900 ms CreateObjectMapping: 82.538500 ms MarkObjects: 279.264900 ms  DeleteObjects: 100.654100 ms)

Unloading 9 Unused Serialized files (Serialized files now loaded: 0)
[PhysX] Initialized MultithreadedTaskDispatcher with 4 workers.
UnloadTime: 22.228100 ms
Unloading 17 unused Assets to reduce memory usage. Loaded Objects now: 394217.
Total: 350.271600 ms (FindLiveObjects: 32.631100 ms CreateObjectMapping: 62.876600 ms MarkObjects: 252.827900 ms  DeleteObjects: 1.935600 ms)

Unloading 0 Unused Serialized files (Serialized files now loaded: 0)
Unloading 0 unused Assets to reduce memory usage. Loaded Objects now: 394282.
Total: 349.972500 ms (FindLiveObjects: 32.994200 ms CreateObjectMapping: 61.882000 ms MarkObjects: 251.581300 ms  DeleteObjects: 3.514700 ms)

Unloading 9 Unused Serialized files (Serialized files now loaded: 0)
[PhysX] Initialized MultithreadedTaskDispatcher with 4 workers.
UnloadTime: 19.329400 ms
Unloading 73 unused Assets to reduce memory usage. Loaded Objects now: 388608.
Total: 330.015300 ms (FindLiveObjects: 31.258400 ms CreateObjectMapping: 61.045000 ms MarkObjects: 235.709500 ms  DeleteObjects: 2.002100 ms)

Unloading 0 Unused Serialized files (Serialized files now loaded: 0)
Unloading 19559 unused Assets to reduce memory usage. Loaded Objects now: 397073.
Total: 382.415500 ms (FindLiveObjects: 45.317500 ms CreateObjectMapping: 65.861600 ms MarkObjects: 256.358100 ms  DeleteObjects: 14.878000 ms)

Unloading 9 Unused Serialized files (Serialized files now loaded: 0)
[PhysX] Initialized MultithreadedTaskDispatcher with 4 workers.
UnloadTime: 20.579400 ms
Unloading 14 unused Assets to reduce memory usage. Loaded Objects now: 394219.
Total: 339.744000 ms (FindLiveObjects: 31.826500 ms CreateObjectMapping: 62.843700 ms MarkObjects: 242.999600 ms  DeleteObjects: 2.073800 ms)

Unloading 0 Unused Serialized files (Serialized files now loaded: 0)
Unloading 0 unused Assets to reduce memory usage. Loaded Objects now: 394284.
Total: 345.514300 ms (FindLiveObjects: 32.570200 ms CreateObjectMapping: 60.517600 ms MarkObjects: 250.400600 ms  DeleteObjects: 2.025600 ms)

Unloading 9 Unused Serialized files (Serialized files now loaded: 0)
[PhysX] Initialized MultithreadedTaskDispatcher with 4 workers.
UnloadTime: 17.976100 ms
Unloading 75 unused Assets to reduce memory usage. Loaded Objects now: 388608.
Total: 334.824300 ms (FindLiveObjects: 31.357500 ms CreateObjectMapping: 61.473900 ms MarkObjects: 239.907500 ms  DeleteObjects: 2.085000 ms)

Unloading 0 Unused Serialized files (Serialized files now loaded: 0)
Unloading 93243 unused Assets to reduce memory usage. Loaded Objects now: 402403.
Total: 478.176800 ms (FindLiveObjects: 57.275300 ms CreateObjectMapping: 78.194000 ms MarkObjects: 265.367000 ms  DeleteObjects: 77.340300 ms)

Unloading 8 Unused Serialized files (Serialized files now loaded: 0)
[PhysX] Initialized MultithreadedTaskDispatcher with 4 workers.
UnloadTime: 27.069600 ms
Unloading 44 unused Assets to reduce memory usage. Loaded Objects now: 386259.
Total: 376.307400 ms (FindLiveObjects: 30.872900 ms CreateObjectMapping: 61.311300 ms MarkObjects: 281.838800 ms  DeleteObjects: 2.284000 ms)

Unloading 0 Unused Serialized files (Serialized files now loaded: 0)
Unloading 0 unused Assets to reduce memory usage. Loaded Objects now: 386747.
Total: 364.207300 ms (FindLiveObjects: 31.702200 ms CreateObjectMapping: 61.802900 ms MarkObjects: 268.733700 ms  DeleteObjects: 1.968200 ms)

Unloading 7 Unused Serialized files (Serialized files now loaded: 0)
[PhysX] Initialized MultithreadedTaskDispatcher with 4 workers.
UnloadTime: 10.174300 ms
Unloading 13 unused Assets to reduce memory usage. Loaded Objects now: 384338.
Total: 370.417600 ms (FindLiveObjects: 31.770900 ms CreateObjectMapping: 62.302700 ms MarkObjects: 274.293400 ms  DeleteObjects: 2.050300 ms)

Unloading 1 Unused Serialized files (Serialized files now loaded: 0)
Unloading 1 unused Assets to reduce memory usage. Loaded Objects now: 384357.
Total: 378.337400 ms (FindLiveObjects: 32.696500 ms CreateObjectMapping: 64.017200 ms MarkObjects: 279.646800 ms  DeleteObjects: 1.976800 ms)

Unloading 7 Unused Serialized files (Serialized files now loaded: 0)
[PhysX] Initialized MultithreadedTaskDispatcher with 4 workers.
UnloadTime: 9.980900 ms
Unloading 131 unused Assets to reduce memory usage. Loaded Objects now: 403176.
Total: 362.736100 ms (FindLiveObjects: 34.460900 ms CreateObjectMapping: 62.171900 ms MarkObjects: 263.860500 ms  DeleteObjects: 2.242500 ms)

Unloading 0 Unused Serialized files (Serialized files now loaded: 0)
Unloading 0 unused Assets to reduce memory usage. Loaded Objects now: 408173.
Total: 400.708900 ms (FindLiveObjects: 39.755700 ms CreateObjectMapping: 64.629800 ms MarkObjects: 294.283700 ms  DeleteObjects: 2.039300 ms)

Unloading 7 Unused Serialized files (Serialized files now loaded: 0)
[PhysX] Initialized MultithreadedTaskDispatcher with 4 workers.
UnloadTime: 32.313400 ms
Unloading 42 unused Assets to reduce memory usage. Loaded Objects now: 386990.
Total: 391.102900 ms (FindLiveObjects: 32.157100 ms CreateObjectMapping: 62.456500 ms MarkObjects: 294.318700 ms  DeleteObjects: 2.170200 ms)

Unloading 1 Unused Serialized files (Serialized files now loaded: 0)
Unloading 1 unused Assets to reduce memory usage. Loaded Objects now: 387013.
Total: 404.878200 ms (FindLiveObjects: 32.493800 ms CreateObjectMapping: 64.605700 ms MarkObjects: 305.197500 ms  DeleteObjects: 2.580800 ms)

Unloading 9 Unused Serialized files (Serialized files now loaded: 0)
[PhysX] Initialized MultithreadedTaskDispatcher with 4 workers.
UnloadTime: 9.503200 ms
Unloading 131 unused Assets to reduce memory usage. Loaded Objects now: 392256.
Total: 376.851900 ms (FindLiveObjects: 31.350900 ms CreateObjectMapping: 62.580800 ms MarkObjects: 280.763100 ms  DeleteObjects: 2.156900 ms)

Unloading 0 Unused Serialized files (Serialized files now loaded: 0)
Unloading 2433 unused Assets to reduce memory usage. Loaded Objects now: 392294.
Total: 413.548300 ms (FindLiveObjects: 43.816200 ms CreateObjectMapping: 65.267400 ms MarkObjects: 299.587600 ms  DeleteObjects: 4.876900 ms)

Unloading 7 Unused Serialized files (Serialized files now loaded: 0)
[PhysX] Initialized MultithreadedTaskDispatcher with 4 workers.
UnloadTime: 12.687800 ms
Unloading 204 unused Assets to reduce memory usage. Loaded Objects now: 387057.
Total: 382.085000 ms (FindLiveObjects: 30.837800 ms CreateObjectMapping: 63.577400 ms MarkObjects: 285.338600 ms  DeleteObjects: 2.330900 ms)

Unloading 1 Unused Serialized files (Serialized files now loaded: 0)
Unloading 1 unused Assets to reduce memory usage. Loaded Objects now: 387076.
Total: 376.267000 ms (FindLiveObjects: 31.619000 ms CreateObjectMapping: 64.001100 ms MarkObjects: 278.740000 ms  DeleteObjects: 1.906600 ms)

Unloading 7 Unused Serialized files (Serialized files now loaded: 0)
[PhysX] Initialized MultithreadedTaskDispatcher with 4 workers.
UnloadTime: 9.121600 ms
Unloading 131 unused Assets to reduce memory usage. Loaded Objects now: 403358.
Total: 381.732000 ms (FindLiveObjects: 34.714800 ms CreateObjectMapping: 63.380600 ms MarkObjects: 281.150700 ms  DeleteObjects: 2.485600 ms)

Unloading 0 Unused Serialized files (Serialized files now loaded: 0)
Unloading 0 unused Assets to reduce memory usage. Loaded Objects now: 408220.
Total: 385.128000 ms (FindLiveObjects: 42.577700 ms CreateObjectMapping: 62.273100 ms MarkObjects: 278.335800 ms  DeleteObjects: 1.941100 ms)

Unloading 6 Unused Serialized files (Serialized files now loaded: 0)
[PhysX] Initialized MultithreadedTaskDispatcher with 4 workers.
UnloadTime: 32.411800 ms
Unloading 44 unused Assets to reduce memory usage. Loaded Objects now: 384524.
Total: 368.852600 ms (FindLiveObjects: 31.179400 ms CreateObjectMapping: 61.782600 ms MarkObjects: 273.722900 ms  DeleteObjects: 2.167400 ms)

Unloading 0 Unused Serialized files (Serialized files now loaded: 0)
Unloading 0 unused Assets to reduce memory usage. Loaded Objects now: 384524.
Total: 371.563600 ms (FindLiveObjects: 32.697800 ms CreateObjectMapping: 64.192400 ms MarkObjects: 272.669100 ms  DeleteObjects: 2.004000 ms)

Unloading 5 Unused Serialized files (Serialized files now loaded: 0)
[PhysX] Initialized MultithreadedTaskDispatcher with 4 workers.
UnloadTime: 7.160300 ms
Unloading 39 unused Assets to reduce memory usage. Loaded Objects now: 384665.
Total: 385.519000 ms (FindLiveObjects: 31.958300 ms CreateObjectMapping: 64.377600 ms MarkObjects: 286.795800 ms  DeleteObjects: 2.386700 ms)

Unloading 0 Unused Serialized files (Serialized files now loaded: 0)
Unloading 0 unused Assets to reduce memory usage. Loaded Objects now: 384665.
Total: 366.727100 ms (FindLiveObjects: 33.187100 ms CreateObjectMapping: 61.157700 ms MarkObjects: 270.423900 ms  DeleteObjects: 1.958200 ms)

Unloading 9 Unused Serialized files (Serialized files now loaded: 0)
[PhysX] Initialized MultithreadedTaskDispatcher with 4 workers.
UnloadTime: 7.408400 ms
Unloading 2 unused Assets to reduce memory usage. Loaded Objects now: 396950.
Total: 358.652100 ms (FindLiveObjects: 35.234100 ms CreateObjectMapping: 62.714700 ms MarkObjects: 258.722000 ms  DeleteObjects: 1.980900 ms)

Unloading 0 Unused Serialized files (Serialized files now loaded: 0)
Unloading 0 unused Assets to reduce memory usage. Loaded Objects now: 396993.
Total: 418.273300 ms (FindLiveObjects: 34.953300 ms CreateObjectMapping: 61.804000 ms MarkObjects: 319.266500 ms  DeleteObjects: 2.248900 ms)

Unloading 9 Unused Serialized files (Serialized files now loaded: 0)
[PhysX] Initialized MultithreadedTaskDispatcher with 4 workers.
UnloadTime: 20.008400 ms
Unloading 26 unused Assets to reduce memory usage. Loaded Objects now: 392272.
Total: 422.438100 ms (FindLiveObjects: 34.325100 ms CreateObjectMapping: 67.725000 ms MarkObjects: 318.264400 ms  DeleteObjects: 2.123400 ms)

Unloading 0 Unused Serialized files (Serialized files now loaded: 0)
Unloading 149 unused Assets to reduce memory usage. Loaded Objects now: 396917.
Total: 383.046600 ms (FindLiveObjects: 34.676800 ms CreateObjectMapping: 63.465800 ms MarkObjects: 282.767000 ms  DeleteObjects: 2.136700 ms)

Unloading 7 Unused Serialized files (Serialized files now loaded: 0)
[PhysX] Initialized MultithreadedTaskDispatcher with 4 workers.
UnloadTime: 16.175400 ms
Unloading 200 unused Assets to reduce memory usage. Loaded Objects now: 388796.
Total: 388.153300 ms (FindLiveObjects: 32.684900 ms CreateObjectMapping: 63.487400 ms MarkObjects: 289.595400 ms  DeleteObjects: 2.385400 ms)

Unloading 0 Unused Serialized files (Serialized files now loaded: 0)
Unloading 210 unused Assets to reduce memory usage. Loaded Objects now: 390201.
Total: 380.771600 ms (FindLiveObjects: 35.252200 ms CreateObjectMapping: 65.011100 ms MarkObjects: 278.391200 ms  DeleteObjects: 2.116900 ms)

Unloading 9 Unused Serialized files (Serialized files now loaded: 0)
[PhysX] Initialized MultithreadedTaskDispatcher with 4 workers.
UnloadTime: 11.413700 ms
Unloading 15 unused Assets to reduce memory usage. Loaded Objects now: 392272.
Total: 371.233900 ms (FindLiveObjects: 31.486500 ms CreateObjectMapping: 61.447400 ms MarkObjects: 276.287800 ms  DeleteObjects: 2.012000 ms)

Unloading 0 Unused Serialized files (Serialized files now loaded: 0)
Unloading 20 unused Assets to reduce memory usage. Loaded Objects now: 396918.
Total: 388.893200 ms (FindLiveObjects: 34.021800 ms CreateObjectMapping: 64.108400 ms MarkObjects: 288.802700 ms  DeleteObjects: 1.960200 ms)

Unloading 7 Unused Serialized files (Serialized files now loaded: 0)
[PhysX] Initialized MultithreadedTaskDispatcher with 4 workers.
UnloadTime: 15.871100 ms
Unloading 200 unused Assets to reduce memory usage. Loaded Objects now: 388797.
Total: 373.473700 ms (FindLiveObjects: 32.521300 ms CreateObjectMapping: 65.559900 ms MarkObjects: 273.038700 ms  DeleteObjects: 2.353700 ms)

Unloading 0 Unused Serialized files (Serialized files now loaded: 0)
Unloading 294 unused Assets to reduce memory usage. Loaded Objects now: 389825.
Total: 368.845700 ms (FindLiveObjects: 34.447500 ms CreateObjectMapping: 62.965900 ms MarkObjects: 269.313400 ms  DeleteObjects: 2.118500 ms)

Unloading 9 Unused Serialized files (Serialized files now loaded: 0)
[PhysX] Initialized MultithreadedTaskDispatcher with 4 workers.
UnloadTime: 12.598100 ms
Unloading 15 unused Assets to reduce memory usage. Loaded Objects now: 392272.
Total: 383.206300 ms (FindLiveObjects: 33.098800 ms CreateObjectMapping: 63.625500 ms MarkObjects: 284.509800 ms  DeleteObjects: 1.971900 ms)

Unloading 0 Unused Serialized files (Serialized files now loaded: 0)
Unloading 20 unused Assets to reduce memory usage. Loaded Objects now: 396918.
Total: 382.844200 ms (FindLiveObjects: 32.561500 ms CreateObjectMapping: 63.003500 ms MarkObjects: 285.184300 ms  DeleteObjects: 2.094500 ms)

Unloading 7 Unused Serialized files (Serialized files now loaded: 0)
[PhysX] Initialized MultithreadedTaskDispatcher with 4 workers.
UnloadTime: 16.187500 ms
Unloading 200 unused Assets to reduce memory usage. Loaded Objects now: 388797.
Total: 363.688800 ms (FindLiveObjects: 32.256200 ms CreateObjectMapping: 62.495900 ms MarkObjects: 266.527100 ms  DeleteObjects: 2.409400 ms)

Unloading 0 Unused Serialized files (Serialized files now loaded: 0)
Unloading 744 unused Assets to reduce memory usage. Loaded Objects now: 389833.
Total: 382.634300 ms (FindLiveObjects: 37.557400 ms CreateObjectMapping: 63.111900 ms MarkObjects: 279.409700 ms  DeleteObjects: 2.555100 ms)

Unloading 9 Unused Serialized files (Serialized files now loaded: 0)
[PhysX] Initialized MultithreadedTaskDispatcher with 4 workers.
UnloadTime: 11.677200 ms
Unloading 15 unused Assets to reduce memory usage. Loaded Objects now: 392272.
Total: 389.809000 ms (FindLiveObjects: 34.721000 ms CreateObjectMapping: 65.435900 ms MarkObjects: 287.372700 ms  DeleteObjects: 2.279100 ms)

Unloading 0 Unused Serialized files (Serialized files now loaded: 0)
Unloading 7652 unused Assets to reduce memory usage. Loaded Objects now: 396932.
Total: 418.873900 ms (FindLiveObjects: 48.412700 ms CreateObjectMapping: 64.939700 ms MarkObjects: 298.085700 ms  DeleteObjects: 7.435600 ms)

Unloading 7 Unused Serialized files (Serialized files now loaded: 0)
[PhysX] Initialized MultithreadedTaskDispatcher with 4 workers.
UnloadTime: 15.990700 ms
Unloading 200 unused Assets to reduce memory usage. Loaded Objects now: 388811.
Total: 369.046700 ms (FindLiveObjects: 31.927900 ms CreateObjectMapping: 61.935800 ms MarkObjects: 272.771700 ms  DeleteObjects: 2.411100 ms)

Unloading 0 Unused Serialized files (Serialized files now loaded: 0)
Unloading 372 unused Assets to reduce memory usage. Loaded Objects now: 389843.
Total: 390.640100 ms (FindLiveObjects: 38.631800 ms CreateObjectMapping: 65.275200 ms MarkObjects: 284.527600 ms  DeleteObjects: 2.205000 ms)

Unloading 9 Unused Serialized files (Serialized files now loaded: 0)
[PhysX] Initialized MultithreadedTaskDispatcher with 4 workers.
UnloadTime: 12.382400 ms
Unloading 15 unused Assets to reduce memory usage. Loaded Objects now: 392286.
Total: 373.275000 ms (FindLiveObjects: 33.594100 ms CreateObjectMapping: 64.267300 ms MarkObjects: 273.128800 ms  DeleteObjects: 2.284600 ms)

Unloading 0 Unused Serialized files (Serialized files now loaded: 0)
Unloading 278 unused Assets to reduce memory usage. Loaded Objects now: 396932.
Total: 375.293000 ms (FindLiveObjects: 32.948100 ms CreateObjectMapping: 62.986000 ms MarkObjects: 277.144700 ms  DeleteObjects: 2.213700 ms)

Unloading 7 Unused Serialized files (Serialized files now loaded: 0)
[PhysX] Initialized MultithreadedTaskDispatcher with 4 workers.
UnloadTime: 15.015500 ms
Unloading 200 unused Assets to reduce memory usage. Loaded Objects now: 388811.
Total: 374.439200 ms (FindLiveObjects: 33.156900 ms CreateObjectMapping: 62.865300 ms MarkObjects: 275.992300 ms  DeleteObjects: 2.424300 ms)

Unloading 0 Unused Serialized files (Serialized files now loaded: 0)
Unloading 270 unused Assets to reduce memory usage. Loaded Objects now: 389315.
Total: 365.223800 ms (FindLiveObjects: 33.430000 ms CreateObjectMapping: 61.961300 ms MarkObjects: 266.691300 ms  DeleteObjects: 3.141000 ms)

Unloading 9 Unused Serialized files (Serialized files now loaded: 0)
[PhysX] Initialized MultithreadedTaskDispatcher with 4 workers.
UnloadTime: 12.267200 ms
Unloading 15 unused Assets to reduce memory usage. Loaded Objects now: 392286.
Total: 388.008800 ms (FindLiveObjects: 32.909000 ms CreateObjectMapping: 63.745800 ms MarkObjects: 288.468500 ms  DeleteObjects: 2.885200 ms)

Unloading 0 Unused Serialized files (Serialized files now loaded: 0)
Unloading 10094 unused Assets to reduce memory usage. Loaded Objects now: 392470.
Total: 425.077600 ms (FindLiveObjects: 49.871900 ms CreateObjectMapping: 68.057800 ms MarkObjects: 297.745500 ms  DeleteObjects: 9.402100 ms)

Unloading 9 Unused Serialized files (Serialized files now loaded: 0)
[PhysX] Initialized MultithreadedTaskDispatcher with 4 workers.
UnloadTime: 12.643300 ms
Unloading 184 unused Assets to reduce memory usage. Loaded Objects now: 396964.
Total: 362.744100 ms (FindLiveObjects: 32.913000 ms CreateObjectMapping: 61.249800 ms MarkObjects: 266.020600 ms  DeleteObjects: 2.560300 ms)

Unloading 0 Unused Serialized files (Serialized files now loaded: 0)
Unloading 0 unused Assets to reduce memory usage. Loaded Objects now: 397007.
Total: 375.286500 ms (FindLiveObjects: 32.218500 ms CreateObjectMapping: 61.637000 ms MarkObjects: 279.324300 ms  DeleteObjects: 2.106200 ms)

Unloading 9 Unused Serialized files (Serialized files now loaded: 0)
[PhysX] Initialized MultithreadedTaskDispatcher with 4 workers.
UnloadTime: 18.642300 ms
Unloading 82 unused Assets to reduce memory usage. Loaded Objects now: 391346.
Total: 368.561900 ms (FindLiveObjects: 32.923300 ms CreateObjectMapping: 63.031500 ms MarkObjects: 269.409300 ms  DeleteObjects: 3.197300 ms)

Unloading 0 Unused Serialized files (Serialized files now loaded: 0)
Unloading 18225 unused Assets to reduce memory usage. Loaded Objects now: 401345.
Total: 391.306400 ms (FindLiveObjects: 47.171400 ms CreateObjectMapping: 64.113400 ms MarkObjects: 265.585700 ms  DeleteObjects: 14.435400 ms)

Unloading 7 Unused Serialized files (Serialized files now loaded: 0)
[PhysX] Initialized MultithreadedTaskDispatcher with 4 workers.
UnloadTime: 27.869500 ms
Unloading 36 unused Assets to reduce memory usage. Loaded Objects now: 388771.
Total: 360.791400 ms (FindLiveObjects: 31.138200 ms CreateObjectMapping: 60.889400 ms MarkObjects: 266.567900 ms  DeleteObjects: 2.195600 ms)

Unloading 0 Unused Serialized files (Serialized files now loaded: 0)
Unloading 0 unused Assets to reduce memory usage. Loaded Objects now: 388833.
Total: 393.950900 ms (FindLiveObjects: 33.891100 ms CreateObjectMapping: 64.121800 ms MarkObjects: 293.894500 ms  DeleteObjects: 2.043200 ms)

Unloading 9 Unused Serialized files (Serialized files now loaded: 0)
[PhysX] Initialized MultithreadedTaskDispatcher with 4 workers.
UnloadTime: 10.800100 ms
Unloading 15 unused Assets to reduce memory usage. Loaded Objects now: 396923.
Total: 377.874100 ms (FindLiveObjects: 34.608700 ms CreateObjectMapping: 62.689600 ms MarkObjects: 278.363600 ms  DeleteObjects: 2.211900 ms)

Unloading 0 Unused Serialized files (Serialized files now loaded: 0)
Unloading 0 unused Assets to reduce memory usage. Loaded Objects now: 397983.
Total: 308.493700 ms (FindLiveObjects: 32.868100 ms CreateObjectMapping: 62.496000 ms MarkObjects: 211.084600 ms  DeleteObjects: 2.044700 ms)

Unloading 9 Unused Serialized files (Serialized files now loaded: 0)
[PhysX] Initialized MultithreadedTaskDispatcher with 4 workers.
UnloadTime: 19.796500 ms
Unloading 23 unused Assets to reduce memory usage. Loaded Objects now: 391379.
Total: 366.666700 ms (FindLiveObjects: 33.378100 ms CreateObjectMapping: 63.984100 ms MarkObjects: 267.189400 ms  DeleteObjects: 2.114700 ms)

Unloading 0 Unused Serialized files (Serialized files now loaded: 0)
Unloading 69851 unused Assets to reduce memory usage. Loaded Objects now: 400628.
Total: 453.177800 ms (FindLiveObjects: 56.017300 ms CreateObjectMapping: 72.471500 ms MarkObjects: 272.604300 ms  DeleteObjects: 52.084300 ms)

Unloading 7 Unused Serialized files (Serialized files now loaded: 0)
[PhysX] Initialized MultithreadedTaskDispatcher with 4 workers.
UnloadTime: 24.487000 ms
Unloading 42 unused Assets to reduce memory usage. Loaded Objects now: 388792.
Total: 389.931500 ms (FindLiveObjects: 32.358000 ms CreateObjectMapping: 63.597500 ms MarkObjects: 290.868400 ms  DeleteObjects: 3.107300 ms)

Unloading 0 Unused Serialized files (Serialized files now loaded: 0)
Unloading 0 unused Assets to reduce memory usage. Loaded Objects now: 390320.
Total: 378.022700 ms (FindLiveObjects: 39.344000 ms CreateObjectMapping: 61.551400 ms MarkObjects: 275.122000 ms  DeleteObjects: 2.004700 ms)

Unloading 9 Unused Serialized files (Serialized files now loaded: 0)
[PhysX] Initialized MultithreadedTaskDispatcher with 4 workers.
UnloadTime: 11.750700 ms
Unloading 15 unused Assets to reduce memory usage. Loaded Objects now: 396944.
Total: 369.346800 ms (FindLiveObjects: 32.158300 ms CreateObjectMapping: 61.898700 ms MarkObjects: 273.333800 ms  DeleteObjects: 1.955700 ms)

Unloading 0 Unused Serialized files (Serialized files now loaded: 0)
Unloading 0 unused Assets to reduce memory usage. Loaded Objects now: 398395.
Total: 381.526800 ms (FindLiveObjects: 35.713700 ms CreateObjectMapping: 65.181500 ms MarkObjects: 278.648200 ms  DeleteObjects: 1.983100 ms)

Unloading 6 Unused Serialized files (Serialized files now loaded: 0)
[PhysX] Initialized MultithreadedTaskDispatcher with 4 workers.
UnloadTime: 19.146000 ms
Unloading 47 unused Assets to reduce memory usage. Loaded Objects now: 384518.
Total: 384.029700 ms (FindLiveObjects: 30.757500 ms CreateObjectMapping: 61.306000 ms MarkObjects: 289.647300 ms  DeleteObjects: 2.318600 ms)

Unloading 0 Unused Serialized files (Serialized files now loaded: 0)
Unloading 0 unused Assets to reduce memory usage. Loaded Objects now: 384518.
Total: 390.128500 ms (FindLiveObjects: 30.999000 ms CreateObjectMapping: 62.690100 ms MarkObjects: 294.446400 ms  DeleteObjects: 1.992800 ms)

Unloading 9 Unused Serialized files (Serialized files now loaded: 0)
[PhysX] Initialized MultithreadedTaskDispatcher with 4 workers.
UnloadTime: 6.745700 ms
Unloading 39 unused Assets to reduce memory usage. Loaded Objects now: 390930.
Total: 384.106800 ms (FindLiveObjects: 32.695900 ms CreateObjectMapping: 62.551700 ms MarkObjects: 286.797500 ms  DeleteObjects: 2.061500 ms)

Unloading 0 Unused Serialized files (Serialized files now loaded: 0)
Unloading 0 unused Assets to reduce memory usage. Loaded Objects now: 390973.
Total: 383.056900 ms (FindLiveObjects: 32.335000 ms CreateObjectMapping: 63.233200 ms MarkObjects: 285.459000 ms  DeleteObjects: 2.029200 ms)

Unloading 9 Unused Serialized files (Serialized files now loaded: 0)
[PhysX] Initialized MultithreadedTaskDispatcher with 4 workers.
UnloadTime: 11.955000 ms
Unloading 24 unused Assets to reduce memory usage. Loaded Objects now: 391384.
Total: 372.478500 ms (FindLiveObjects: 32.335800 ms CreateObjectMapping: 64.250000 ms MarkObjects: 273.891200 ms  DeleteObjects: 2.001300 ms)

Unloading 0 Unused Serialized files (Serialized files now loaded: 0)
Unloading 29280 unused Assets to reduce memory usage. Loaded Objects now: 401204.
Total: 399.643900 ms (FindLiveObjects: 39.211500 ms CreateObjectMapping: 67.648700 ms MarkObjects: 270.393400 ms  DeleteObjects: 22.390000 ms)

Unloading 7 Unused Serialized files (Serialized files now loaded: 0)
[PhysX] Initialized MultithreadedTaskDispatcher with 4 workers.
UnloadTime: 25.084300 ms
Unloading 34 unused Assets to reduce memory usage. Loaded Objects now: 388796.
Total: 384.729700 ms (FindLiveObjects: 32.806400 ms CreateObjectMapping: 63.542300 ms MarkObjects: 286.105900 ms  DeleteObjects: 2.274800 ms)

Unloading 0 Unused Serialized files (Serialized files now loaded: 0)
Unloading 0 unused Assets to reduce memory usage. Loaded Objects now: 389310.
Total: 393.546900 ms (FindLiveObjects: 35.614200 ms CreateObjectMapping: 61.961500 ms MarkObjects: 293.990500 ms  DeleteObjects: 1.980400 ms)

Unloading 9 Unused Serialized files (Serialized files now loaded: 0)
[PhysX] Initialized MultithreadedTaskDispatcher with 4 workers.
UnloadTime: 12.085500 ms
Unloading 15 unused Assets to reduce memory usage. Loaded Objects now: 390934.
Total: 381.064900 ms (FindLiveObjects: 31.860400 ms CreateObjectMapping: 61.275500 ms MarkObjects: 285.929900 ms  DeleteObjects: 1.998800 ms)

Unloading 0 Unused Serialized files (Serialized files now loaded: 0)
Unloading 0 unused Assets to reduce memory usage. Loaded Objects now: 391971.
Total: 342.726500 ms (FindLiveObjects: 35.138600 ms CreateObjectMapping: 62.688400 ms MarkObjects: 242.984800 ms  DeleteObjects: 1.914400 ms)

Unloading 9 Unused Serialized files (Serialized files now loaded: 0)
[PhysX] Initialized MultithreadedTaskDispatcher with 4 workers.
UnloadTime: 12.544200 ms
Unloading 25 unused Assets to reduce memory usage. Loaded Objects now: 391387.
Total: 362.750800 ms (FindLiveObjects: 32.080800 ms CreateObjectMapping: 61.141700 ms MarkObjects: 267.446200 ms  DeleteObjects: 2.081800 ms)

Unloading 0 Unused Serialized files (Serialized files now loaded: 0)
Unloading 46725 unused Assets to reduce memory usage. Loaded Objects now: 397579.
Total: 462.601700 ms (FindLiveObjects: 44.501900 ms CreateObjectMapping: 71.329200 ms MarkObjects: 311.817600 ms  DeleteObjects: 34.952700 ms)

Unloading 7 Unused Serialized files (Serialized files now loaded: 0)
[PhysX] Initialized MultithreadedTaskDispatcher with 4 workers.
UnloadTime: 20.992500 ms
Unloading 37 unused Assets to reduce memory usage. Loaded Objects now: 388787.
Total: 408.422400 ms (FindLiveObjects: 34.272200 ms CreateObjectMapping: 66.299900 ms MarkObjects: 305.445100 ms  DeleteObjects: 2.405000 ms)

Unloading 0 Unused Serialized files (Serialized files now loaded: 0)
Unloading 0 unused Assets to reduce memory usage. Loaded Objects now: 389309.
Total: 402.264500 ms (FindLiveObjects: 34.284600 ms CreateObjectMapping: 63.722800 ms MarkObjects: 302.218200 ms  DeleteObjects: 2.038600 ms)

Unloading 9 Unused Serialized files (Serialized files now loaded: 0)
[PhysX] Initialized MultithreadedTaskDispatcher with 4 workers.
UnloadTime: 12.752900 ms
Unloading 15 unused Assets to reduce memory usage. Loaded Objects now: 390931.
Total: 343.958800 ms (FindLiveObjects: 33.686000 ms CreateObjectMapping: 67.658200 ms MarkObjects: 240.613800 ms  DeleteObjects: 2.000400 ms)

Unloading 0 Unused Serialized files (Serialized files now loaded: 0)
Unloading 0 unused Assets to reduce memory usage. Loaded Objects now: 390974.
Total: 333.513700 ms (FindLiveObjects: 36.118800 ms CreateObjectMapping: 65.888000 ms MarkObjects: 229.549100 ms  DeleteObjects: 1.957400 ms)

Unloading 9 Unused Serialized files (Serialized files now loaded: 0)
[PhysX] Initialized MultithreadedTaskDispatcher with 4 workers.
UnloadTime: 14.290300 ms
Unloading 23 unused Assets to reduce memory usage. Loaded Objects now: 391386.
Total: 412.440600 ms (FindLiveObjects: 33.709800 ms CreateObjectMapping: 66.941500 ms MarkObjects: 308.607700 ms  DeleteObjects: 3.181300 ms)

Unloading 0 Unused Serialized files (Serialized files now loaded: 0)
Unloading 53499 unused Assets to reduce memory usage. Loaded Objects now: 400034.
Total: 455.584900 ms (FindLiveObjects: 55.847300 ms CreateObjectMapping: 73.457900 ms MarkObjects: 287.016200 ms  DeleteObjects: 39.263300 ms)

Unloading 7 Unused Serialized files (Serialized files now loaded: 0)
[PhysX] Initialized MultithreadedTaskDispatcher with 4 workers.
UnloadTime: 23.747200 ms
Unloading 34 unused Assets to reduce memory usage. Loaded Objects now: 388807.
Total: 410.618100 ms (FindLiveObjects: 33.107400 ms CreateObjectMapping: 63.903900 ms MarkObjects: 311.284100 ms  DeleteObjects: 2.322400 ms)

Unloading 0 Unused Serialized files (Serialized files now loaded: 0)
Unloading 0 unused Assets to reduce memory usage. Loaded Objects now: 388869.
Total: 408.593000 ms (FindLiveObjects: 34.341000 ms CreateObjectMapping: 66.109300 ms MarkObjects: 306.036300 ms  DeleteObjects: 2.105900 ms)

Unloading 9 Unused Serialized files (Serialized files now loaded: 0)
[PhysX] Initialized MultithreadedTaskDispatcher with 4 workers.
UnloadTime: 11.812900 ms
Unloading 15 unused Assets to reduce memory usage. Loaded Objects now: 390945.
Total: 417.824400 ms (FindLiveObjects: 33.065400 ms CreateObjectMapping: 64.223400 ms MarkObjects: 318.317400 ms  DeleteObjects: 2.217900 ms)

Unloading 0 Unused Serialized files (Serialized files now loaded: 0)
Unloading 0 unused Assets to reduce memory usage. Loaded Objects now: 390994.
Total: 437.040500 ms (FindLiveObjects: 37.858800 ms CreateObjectMapping: 76.980400 ms MarkObjects: 320.038000 ms  DeleteObjects: 2.162800 ms)

Unloading 9 Unused Serialized files (Serialized files now loaded: 0)
[PhysX] Initialized MultithreadedTaskDispatcher with 4 workers.
UnloadTime: 12.152500 ms
Unloading 26 unused Assets to reduce memory usage. Loaded Objects now: 391397.
Total: 367.318200 ms (FindLiveObjects: 33.813300 ms CreateObjectMapping: 64.920100 ms MarkObjects: 266.443700 ms  DeleteObjects: 2.140800 ms)

Unloading 0 Unused Serialized files (Serialized files now loaded: 0)
Unloading 37396 unused Assets to reduce memory usage. Loaded Objects now: 396905.
Total: 448.896700 ms (FindLiveObjects: 45.780100 ms CreateObjectMapping: 74.593400 ms MarkObjects: 299.498400 ms  DeleteObjects: 29.024500 ms)

Unloading 7 Unused Serialized files (Serialized files now loaded: 0)
[PhysX] Initialized MultithreadedTaskDispatcher with 4 workers.
UnloadTime: 19.542500 ms
Unloading 34 unused Assets to reduce memory usage. Loaded Objects now: 388805.
Total: 391.731600 ms (FindLiveObjects: 35.085400 ms CreateObjectMapping: 70.454100 ms MarkObjects: 283.902600 ms  DeleteObjects: 2.289100 ms)

Unloading 0 Unused Serialized files (Serialized files now loaded: 0)
Unloading 0 unused Assets to reduce memory usage. Loaded Objects now: 390872.
Total: 403.007100 ms (FindLiveObjects: 41.425900 ms CreateObjectMapping: 65.502000 ms MarkObjects: 293.988200 ms  DeleteObjects: 2.090200 ms)

Unloading 9 Unused Serialized files (Serialized files now loaded: 0)
[PhysX] Initialized MultithreadedTaskDispatcher with 4 workers.
UnloadTime: 12.979600 ms
Unloading 15 unused Assets to reduce memory usage. Loaded Objects now: 390949.
Total: 406.894100 ms (FindLiveObjects: 33.322700 ms CreateObjectMapping: 65.496000 ms MarkObjects: 305.897200 ms  DeleteObjects: 2.177900 ms)

Unloading 0 Unused Serialized files (Serialized files now loaded: 0)
Unloading 0 unused Assets to reduce memory usage. Loaded Objects now: 391022.
Total: 395.604600 ms (FindLiveObjects: 32.999400 ms CreateObjectMapping: 64.339600 ms MarkObjects: 296.166800 ms  DeleteObjects: 2.098300 ms)

Unloading 8 Unused Serialized files (Serialized files now loaded: 0)
[PhysX] Initialized MultithreadedTaskDispatcher with 4 workers.
UnloadTime: 13.586900 ms
Unloading 66 unused Assets to reduce memory usage. Loaded Objects now: 389451.
Total: 392.585700 ms (FindLiveObjects: 33.106900 ms CreateObjectMapping: 64.959200 ms MarkObjects: 291.971400 ms  DeleteObjects: 2.547900 ms)

Unloading 0 Unused Serialized files (Serialized files now loaded: 0)
Unloading 0 unused Assets to reduce memory usage. Loaded Objects now: 393287.
Total: 445.543700 ms (FindLiveObjects: 34.728900 ms CreateObjectMapping: 65.928900 ms MarkObjects: 342.700400 ms  DeleteObjects: 2.185100 ms)

Unloading 9 Unused Serialized files (Serialized files now loaded: 0)
[PhysX] Initialized MultithreadedTaskDispatcher with 4 workers.
UnloadTime: 18.015600 ms
Unloading 9 unused Assets to reduce memory usage. Loaded Objects now: 390924.
Total: 347.613500 ms (FindLiveObjects: 39.499600 ms CreateObjectMapping: 69.054100 ms MarkObjects: 236.944600 ms  DeleteObjects: 2.114900 ms)

Unloading 0 Unused Serialized files (Serialized files now loaded: 0)
Unloading 0 unused Assets to reduce memory usage. Loaded Objects now: 398238.
Total: 361.348100 ms (FindLiveObjects: 38.064500 ms CreateObjectMapping: 72.186100 ms MarkObjects: 248.916000 ms  DeleteObjects: 2.180900 ms)

Unloading 6 Unused Serialized files (Serialized files now loaded: 0)
[PhysX] Initialized MultithreadedTaskDispatcher with 4 workers.
UnloadTime: 21.037600 ms
Unloading 47 unused Assets to reduce memory usage. Loaded Objects now: 384527.
Total: 426.141500 ms (FindLiveObjects: 34.114600 ms CreateObjectMapping: 67.028600 ms MarkObjects: 322.824300 ms  DeleteObjects: 2.173700 ms)

Unloading 0 Unused Serialized files (Serialized files now loaded: 0)
Unloading 0 unused Assets to reduce memory usage. Loaded Objects now: 384527.
Total: 423.928200 ms (FindLiveObjects: 33.167500 ms CreateObjectMapping: 68.350500 ms MarkObjects: 320.204500 ms  DeleteObjects: 2.205400 ms)

Unloading 9 Unused Serialized files (Serialized files now loaded: 0)
[PhysX] Initialized MultithreadedTaskDispatcher with 4 workers.
UnloadTime: 7.199400 ms
Unloading 39 unused Assets to reduce memory usage. Loaded Objects now: 396953.
Total: 387.658000 ms (FindLiveObjects: 34.735400 ms CreateObjectMapping: 67.578300 ms MarkObjects: 283.067500 ms  DeleteObjects: 2.276300 ms)

Unloading 0 Unused Serialized files (Serialized files now loaded: 0)
Unloading 0 unused Assets to reduce memory usage. Loaded Objects now: 396996.
Total: 394.617200 ms (FindLiveObjects: 34.713300 ms CreateObjectMapping: 67.341200 ms MarkObjects: 290.610100 ms  DeleteObjects: 1.952200 ms)

Unloading 9 Unused Serialized files (Serialized files now loaded: 0)
[PhysX] Initialized MultithreadedTaskDispatcher with 4 workers.
UnloadTime: 18.703800 ms
Unloading 27 unused Assets to reduce memory usage. Loaded Objects now: 391390.
Total: 389.992100 ms (FindLiveObjects: 33.875700 ms CreateObjectMapping: 63.963800 ms MarkObjects: 290.009500 ms  DeleteObjects: 2.142600 ms)

Unloading 0 Unused Serialized files (Serialized files now loaded: 0)
Unloading 70137 unused Assets to reduce memory usage. Loaded Objects now: 401135.
Total: 504.472400 ms (FindLiveObjects: 56.775700 ms CreateObjectMapping: 75.528700 ms MarkObjects: 311.906000 ms  DeleteObjects: 60.261700 ms)

Unloading 7 Unused Serialized files (Serialized files now loaded: 0)
[PhysX] Initialized MultithreadedTaskDispatcher with 4 workers.
UnloadTime: 26.422000 ms
Unloading 37 unused Assets to reduce memory usage. Loaded Objects now: 388802.
Total: 402.157500 ms (FindLiveObjects: 36.015100 ms CreateObjectMapping: 66.755300 ms MarkObjects: 297.092200 ms  DeleteObjects: 2.294500 ms)

Unloading 0 Unused Serialized files (Serialized files now loaded: 0)
Unloading 0 unused Assets to reduce memory usage. Loaded Objects now: 390337.
Total: 406.159700 ms (FindLiveObjects: 39.540900 ms CreateObjectMapping: 66.441300 ms MarkObjects: 297.804000 ms  DeleteObjects: 2.372900 ms)

Unloading 9 Unused Serialized files (Serialized files now loaded: 0)
[PhysX] Initialized MultithreadedTaskDispatcher with 4 workers.
UnloadTime: 11.660900 ms
Unloading 15 unused Assets to reduce memory usage. Loaded Objects now: 396968.
Total: 394.893900 ms (FindLiveObjects: 34.998500 ms CreateObjectMapping: 65.195400 ms MarkObjects: 292.342500 ms  DeleteObjects: 2.357300 ms)

Unloading 0 Unused Serialized files (Serialized files now loaded: 0)
Unloading 0 unused Assets to reduce memory usage. Loaded Objects now: 397129.
Total: 400.882100 ms (FindLiveObjects: 36.401100 ms CreateObjectMapping: 67.042400 ms MarkObjects: 295.124100 ms  DeleteObjects: 2.314200 ms)

Unloading 8 Unused Serialized files (Serialized files now loaded: 0)
[PhysX] Initialized MultithreadedTaskDispatcher with 4 workers.
UnloadTime: 22.616500 ms
Unloading 41 unused Assets to reduce memory usage. Loaded Objects now: 389467.
Total: 429.159000 ms (FindLiveObjects: 34.160600 ms CreateObjectMapping: 67.969000 ms MarkObjects: 324.837000 ms  DeleteObjects: 2.192200 ms)

Unloading 0 Unused Serialized files (Serialized files now loaded: 0)
Unloading 0 unused Assets to reduce memory usage. Loaded Objects now: 392906.
Total: 422.721900 ms (FindLiveObjects: 36.644500 ms CreateObjectMapping: 69.415700 ms MarkObjects: 314.378300 ms  DeleteObjects: 2.283100 ms)

Unloading 9 Unused Serialized files (Serialized files now loaded: 0)
[PhysX] Initialized MultithreadedTaskDispatcher with 4 workers.
UnloadTime: 15.843000 ms
Unloading 9 unused Assets to reduce memory usage. Loaded Objects now: 396968.
Total: 392.535400 ms (FindLiveObjects: 34.194700 ms CreateObjectMapping: 65.557300 ms MarkObjects: 290.789500 ms  DeleteObjects: 1.993700 ms)

Unloading 0 Unused Serialized files (Serialized files now loaded: 0)
Unloading 0 unused Assets to reduce memory usage. Loaded Objects now: 397028.
Total: 466.055200 ms (FindLiveObjects: 43.931000 ms CreateObjectMapping: 66.885700 ms MarkObjects: 352.654800 ms  DeleteObjects: 2.583200 ms)

Unloading 9 Unused Serialized files (Serialized files now loaded: 0)
[PhysX] Initialized MultithreadedTaskDispatcher with 4 workers.
UnloadTime: 24.228400 ms
Unloading 24 unused Assets to reduce memory usage. Loaded Objects now: 391423.
Total: 400.612600 ms (FindLiveObjects: 34.464400 ms CreateObjectMapping: 66.575400 ms MarkObjects: 297.234600 ms  DeleteObjects: 2.337800 ms)

Unloading 0 Unused Serialized files (Serialized files now loaded: 0)
Unloading 90799 unused Assets to reduce memory usage. Loaded Objects now: 401273.
Total: 560.062300 ms (FindLiveObjects: 71.021600 ms CreateObjectMapping: 95.230000 ms MarkObjects: 327.370600 ms  DeleteObjects: 66.439500 ms)

Unloading 9 Unused Serialized files (Serialized files now loaded: 0)
[PhysX] Initialized MultithreadedTaskDispatcher with 4 workers.
UnloadTime: 28.598500 ms
Unloading 17 unused Assets to reduce memory usage. Loaded Objects now: 396963.
Total: 442.976000 ms (FindLiveObjects: 38.539200 ms CreateObjectMapping: 68.270200 ms MarkObjects: 333.593800 ms  DeleteObjects: 2.572300 ms)

Unloading 0 Unused Serialized files (Serialized files now loaded: 0)
Unloading 0 unused Assets to reduce memory usage. Loaded Objects now: 397006.
Total: 441.859800 ms (FindLiveObjects: 37.687300 ms CreateObjectMapping: 70.894500 ms MarkObjects: 331.033500 ms  DeleteObjects: 2.244100 ms)

Unloading 9 Unused Serialized files (Serialized files now loaded: 0)
[PhysX] Initialized MultithreadedTaskDispatcher with 4 workers.
UnloadTime: 18.838900 ms
Unloading 41 unused Assets to reduce memory usage. Loaded Objects now: 391386.
Total: 418.404600 ms (FindLiveObjects: 37.136500 ms CreateObjectMapping: 68.271900 ms MarkObjects: 310.724000 ms  DeleteObjects: 2.272000 ms)

Unloading 0 Unused Serialized files (Serialized files now loaded: 0)
Unloading 25035 unused Assets to reduce memory usage. Loaded Objects now: 400412.
Total: 455.383800 ms (FindLiveObjects: 43.620600 ms CreateObjectMapping: 73.566400 ms MarkObjects: 318.453100 ms  DeleteObjects: 19.743400 ms)

Unloading 9 Unused Serialized files (Serialized files now loaded: 0)
[PhysX] Initialized MultithreadedTaskDispatcher with 4 workers.
UnloadTime: 26.285400 ms
Unloading 14 unused Assets to reduce memory usage. Loaded Objects now: 397001.
Total: 424.868900 ms (FindLiveObjects: 35.167600 ms CreateObjectMapping: 68.304400 ms MarkObjects: 319.377100 ms  DeleteObjects: 2.019600 ms)

Unloading 0 Unused Serialized files (Serialized files now loaded: 0)
Unloading 0 unused Assets to reduce memory usage. Loaded Objects now: 397044.
Total: 422.418300 ms (FindLiveObjects: 37.151500 ms CreateObjectMapping: 65.406700 ms MarkObjects: 317.747500 ms  DeleteObjects: 2.112000 ms)

Unloading 9 Unused Serialized files (Serialized files now loaded: 0)
[PhysX] Initialized MultithreadedTaskDispatcher with 4 workers.
UnloadTime: 19.794700 ms
Unloading 79 unused Assets to reduce memory usage. Loaded Objects now: 391386.
Total: 414.895800 ms (FindLiveObjects: 33.839800 ms CreateObjectMapping: 67.273300 ms MarkObjects: 311.344200 ms  DeleteObjects: 2.437900 ms)

Unloading 0 Unused Serialized files (Serialized files now loaded: 0)
Unloading 91315 unused Assets to reduce memory usage. Loaded Objects now: 398003.
Total: 554.933400 ms (FindLiveObjects: 58.487500 ms CreateObjectMapping: 92.104200 ms MarkObjects: 330.656500 ms  DeleteObjects: 73.684700 ms)

Unloading 9 Unused Serialized files (Serialized files now loaded: 0)
[PhysX] Initialized MultithreadedTaskDispatcher with 4 workers.
UnloadTime: 22.924500 ms
Unloading 19 unused Assets to reduce memory usage. Loaded Objects now: 396983.
Total: 434.149600 ms (FindLiveObjects: 36.329900 ms CreateObjectMapping: 69.465000 ms MarkObjects: 326.078500 ms  DeleteObjects: 2.275700 ms)

Unloading 0 Unused Serialized files (Serialized files now loaded: 0)
Unloading 0 unused Assets to reduce memory usage. Loaded Objects now: 397026.
Total: 415.199500 ms (FindLiveObjects: 36.574500 ms CreateObjectMapping: 69.518800 ms MarkObjects: 306.807600 ms  DeleteObjects: 2.298100 ms)

Unloading 9 Unused Serialized files (Serialized files now loaded: 0)
[PhysX] Initialized MultithreadedTaskDispatcher with 4 workers.
UnloadTime: 20.668900 ms
Unloading 61 unused Assets to reduce memory usage. Loaded Objects now: 391386.
Total: 391.975400 ms (FindLiveObjects: 36.830900 ms CreateObjectMapping: 64.893100 ms MarkObjects: 288.205200 ms  DeleteObjects: 2.046000 ms)

Unloading 0 Unused Serialized files (Serialized files now loaded: 0)
Unloading 124707 unused Assets to reduce memory usage. Loaded Objects now: 400802.
Total: 599.748700 ms (FindLiveObjects: 69.080600 ms CreateObjectMapping: 93.623400 ms MarkObjects: 319.279600 ms  DeleteObjects: 117.764600 ms)

Unloading 7 Unused Serialized files (Serialized files now loaded: 0)
[PhysX] Initialized MultithreadedTaskDispatcher with 4 workers.
UnloadTime: 26.248600 ms
Unloading 41 unused Assets to reduce memory usage. Loaded Objects now: 388832.
Total: 424.333700 ms (FindLiveObjects: 33.406600 ms CreateObjectMapping: 66.479100 ms MarkObjects: 321.498800 ms  DeleteObjects: 2.948700 ms)

Unloading 0 Unused Serialized files (Serialized files now loaded: 0)
Unloading 0 unused Assets to reduce memory usage. Loaded Objects now: 389794.
Total: 429.759300 ms (FindLiveObjects: 38.419100 ms CreateObjectMapping: 67.562500 ms MarkObjects: 321.093300 ms  DeleteObjects: 2.683800 ms)

Unloading 9 Unused Serialized files (Serialized files now loaded: 0)
[PhysX] Initialized MultithreadedTaskDispatcher with 4 workers.
UnloadTime: 12.284700 ms
Unloading 15 unused Assets to reduce memory usage. Loaded Objects now: 396984.
Total: 343.933700 ms (FindLiveObjects: 35.615900 ms CreateObjectMapping: 67.871600 ms MarkObjects: 238.139500 ms  DeleteObjects: 2.306500 ms)

Unloading 0 Unused Serialized files (Serialized files now loaded: 0)
Unloading 0 unused Assets to reduce memory usage. Loaded Objects now: 397113.
Total: 356.426600 ms (FindLiveObjects: 37.234200 ms CreateObjectMapping: 66.865900 ms MarkObjects: 250.356300 ms  DeleteObjects: 1.970000 ms)

Unloading 8 Unused Serialized files (Serialized files now loaded: 0)
[PhysX] Initialized MultithreadedTaskDispatcher with 4 workers.
UnloadTime: 18.693900 ms
Unloading 41 unused Assets to reduce memory usage. Loaded Objects now: 389563.
Total: 438.196300 ms (FindLiveObjects: 37.009800 ms CreateObjectMapping: 66.723500 ms MarkObjects: 331.553700 ms  DeleteObjects: 2.909000 ms)

Unloading 0 Unused Serialized files (Serialized files now loaded: 0)
Unloading 0 unused Assets to reduce memory usage. Loaded Objects now: 392421.
Total: 479.870800 ms (FindLiveObjects: 37.598100 ms CreateObjectMapping: 74.084200 ms MarkObjects: 366.114400 ms  DeleteObjects: 2.073700 ms)

Unloading 9 Unused Serialized files (Serialized files now loaded: 0)
[PhysX] Initialized MultithreadedTaskDispatcher with 4 workers.
UnloadTime: 18.009600 ms
Unloading 9 unused Assets to reduce memory usage. Loaded Objects now: 397036.
Total: 452.990700 ms (FindLiveObjects: 35.380000 ms CreateObjectMapping: 71.683800 ms MarkObjects: 343.443900 ms  DeleteObjects: 2.482300 ms)

Unloading 0 Unused Serialized files (Serialized files now loaded: 0)
Unloading 0 unused Assets to reduce memory usage. Loaded Objects now: 397072.
Total: 434.476800 ms (FindLiveObjects: 36.248200 ms CreateObjectMapping: 68.247900 ms MarkObjects: 327.780100 ms  DeleteObjects: 2.200100 ms)

Unloading 9 Unused Serialized files (Serialized files now loaded: 0)
[PhysX] Initialized MultithreadedTaskDispatcher with 4 workers.
UnloadTime: 19.333400 ms
Unloading 30 unused Assets to reduce memory usage. Loaded Objects now: 391463.
Total: 415.467700 ms (FindLiveObjects: 34.794500 ms CreateObjectMapping: 69.101000 ms MarkObjects: 309.095200 ms  DeleteObjects: 2.476700 ms)

Unloading 0 Unused Serialized files (Serialized files now loaded: 0)
Unloading 107614 unused Assets to reduce memory usage. Loaded Objects now: 403499.
Total: 543.486400 ms (FindLiveObjects: 57.811000 ms CreateObjectMapping: 81.197700 ms MarkObjects: 308.101200 ms  DeleteObjects: 96.376100 ms)

Unloading 9 Unused Serialized files (Serialized files now loaded: 0)
[PhysX] Initialized MultithreadedTaskDispatcher with 4 workers.
UnloadTime: 29.977800 ms
Unloading 22 unused Assets to reduce memory usage. Loaded Objects now: 396983.
Total: 350.703400 ms (FindLiveObjects: 35.709000 ms CreateObjectMapping: 65.007700 ms MarkObjects: 247.935900 ms  DeleteObjects: 2.050400 ms)

Unloading 0 Unused Serialized files (Serialized files now loaded: 0)
Unloading 0 unused Assets to reduce memory usage. Loaded Objects now: 397026.
Total: 354.500000 ms (FindLiveObjects: 34.061900 ms CreateObjectMapping: 64.225600 ms MarkObjects: 254.135200 ms  DeleteObjects: 2.077100 ms)

Unloading 9 Unused Serialized files (Serialized files now loaded: 0)
[PhysX] Initialized MultithreadedTaskDispatcher with 4 workers.
UnloadTime: 19.654700 ms
Unloading 30 unused Assets to reduce memory usage. Loaded Objects now: 391417.
Total: 394.338800 ms (FindLiveObjects: 33.649700 ms CreateObjectMapping: 65.557900 ms MarkObjects: 292.703600 ms  DeleteObjects: 2.427200 ms)

Unloading 0 Unused Serialized files (Serialized files now loaded: 0)
Unloading 146071 unused Assets to reduce memory usage. Loaded Objects now: 400132.
Total: 630.366100 ms (FindLiveObjects: 64.571100 ms CreateObjectMapping: 88.578200 ms MarkObjects: 334.189200 ms  DeleteObjects: 143.027400 ms)

Unloading 7 Unused Serialized files (Serialized files now loaded: 0)
[PhysX] Initialized MultithreadedTaskDispatcher with 4 workers.
UnloadTime: 26.406900 ms
Unloading 39 unused Assets to reduce memory usage. Loaded Objects now: 388861.
Total: 496.618700 ms (FindLiveObjects: 37.989600 ms CreateObjectMapping: 91.067700 ms MarkObjects: 365.209500 ms  DeleteObjects: 2.351800 ms)

Unloading 0 Unused Serialized files (Serialized files now loaded: 0)
Unloading 0 unused Assets to reduce memory usage. Loaded Objects now: 390721.
Total: 471.303100 ms (FindLiveObjects: 39.463900 ms CreateObjectMapping: 76.260300 ms MarkObjects: 353.616100 ms  DeleteObjects: 1.962400 ms)

Unloading 9 Unused Serialized files (Serialized files now loaded: 0)
[PhysX] Initialized MultithreadedTaskDispatcher with 4 workers.
UnloadTime: 12.968100 ms
Unloading 15 unused Assets to reduce memory usage. Loaded Objects now: 397013.
Total: 351.516400 ms (FindLiveObjects: 39.011200 ms CreateObjectMapping: 67.778200 ms MarkObjects: 242.360800 ms  DeleteObjects: 2.365600 ms)

Unloading 0 Unused Serialized files (Serialized files now loaded: 0)
Unloading 0 unused Assets to reduce memory usage. Loaded Objects now: 397143.
Total: 389.771400 ms (FindLiveObjects: 35.202100 ms CreateObjectMapping: 65.088500 ms MarkObjects: 287.252600 ms  DeleteObjects: 2.227800 ms)

Unloading 8 Unused Serialized files (Serialized files now loaded: 0)
[PhysX] Initialized MultithreadedTaskDispatcher with 4 workers.
UnloadTime: 22.421800 ms
Unloading 72 unused Assets to reduce memory usage. Loaded Objects now: 389568.
Total: 448.580400 ms (FindLiveObjects: 36.197400 ms CreateObjectMapping: 70.982800 ms MarkObjects: 338.999200 ms  DeleteObjects: 2.400800 ms)

Unloading 0 Unused Serialized files (Serialized files now loaded: 0)
Unloading 0 unused Assets to reduce memory usage. Loaded Objects now: 394412.
Total: 494.485800 ms (FindLiveObjects: 49.063900 ms CreateObjectMapping: 85.142100 ms MarkObjects: 357.169300 ms  DeleteObjects: 3.110100 ms)

Unloading 9 Unused Serialized files (Serialized files now loaded: 0)
[PhysX] Initialized MultithreadedTaskDispatcher with 4 workers.
UnloadTime: 20.199200 ms
Unloading 9 unused Assets to reduce memory usage. Loaded Objects now: 397027.
Total: 375.961100 ms (FindLiveObjects: 37.939900 ms CreateObjectMapping: 87.867600 ms MarkObjects: 248.077800 ms  DeleteObjects: 2.075500 ms)

Unloading 0 Unused Serialized files (Serialized files now loaded: 0)
Unloading 0 unused Assets to reduce memory usage. Loaded Objects now: 404150.
Total: 338.207500 ms (FindLiveObjects: 36.791600 ms CreateObjectMapping: 66.401900 ms MarkObjects: 233.080300 ms  DeleteObjects: 1.933400 ms)

Unloading 6 Unused Serialized files (Serialized files now loaded: 0)
[PhysX] Initialized MultithreadedTaskDispatcher with 4 workers.
UnloadTime: 28.612800 ms
Unloading 47 unused Assets to reduce memory usage. Loaded Objects now: 384601.
Total: 444.942100 ms (FindLiveObjects: 33.976900 ms CreateObjectMapping: 67.829400 ms MarkObjects: 340.691100 ms  DeleteObjects: 2.444300 ms)

Unloading 0 Unused Serialized files (Serialized files now loaded: 0)
Unloading 0 unused Assets to reduce memory usage. Loaded Objects now: 384601.
Total: 440.651200 ms (FindLiveObjects: 32.801000 ms CreateObjectMapping: 65.048700 ms MarkObjects: 340.783500 ms  DeleteObjects: 2.017800 ms)

Unloading 9 Unused Serialized files (Serialized files now loaded: 0)
[PhysX] Initialized MultithreadedTaskDispatcher with 4 workers.
UnloadTime: 7.374800 ms
Unloading 39 unused Assets to reduce memory usage. Loaded Objects now: 396827.
Total: 425.899500 ms (FindLiveObjects: 36.718700 ms CreateObjectMapping: 69.141200 ms MarkObjects: 318.004300 ms  DeleteObjects: 2.035000 ms)

Unloading 0 Unused Serialized files (Serialized files now loaded: 0)
Unloading 0 unused Assets to reduce memory usage. Loaded Objects now: 396870.
Total: 431.252400 ms (FindLiveObjects: 37.324000 ms CreateObjectMapping: 66.356600 ms MarkObjects: 325.487000 ms  DeleteObjects: 2.084500 ms)

Unloading 9 Unused Serialized files (Serialized files now loaded: 0)
[PhysX] Initialized MultithreadedTaskDispatcher with 4 workers.
UnloadTime: 20.505100 ms
Unloading 35 unused Assets to reduce memory usage. Loaded Objects now: 392340.
Total: 449.123900 ms (FindLiveObjects: 34.055300 ms CreateObjectMapping: 66.447800 ms MarkObjects: 346.126400 ms  DeleteObjects: 2.494100 ms)

Unloading 0 Unused Serialized files (Serialized files now loaded: 0)
Unloading 49 unused Assets to reduce memory usage. Loaded Objects now: 393581.
Total: 457.531100 ms (FindLiveObjects: 48.485900 ms CreateObjectMapping: 71.982300 ms MarkObjects: 334.728100 ms  DeleteObjects: 2.334300 ms)

Unloading 9 Unused Serialized files (Serialized files now loaded: 0)
[PhysX] Initialized MultithreadedTaskDispatcher with 4 workers.
UnloadTime: 16.091100 ms
Unloading 184 unused Assets to reduce memory usage. Loaded Objects now: 396809.
Total: 393.881200 ms (FindLiveObjects: 34.499900 ms CreateObjectMapping: 65.446400 ms MarkObjects: 291.625400 ms  DeleteObjects: 2.309400 ms)

Unloading 0 Unused Serialized files (Serialized files now loaded: 0)
Unloading 0 unused Assets to reduce memory usage. Loaded Objects now: 397854.
Total: 438.656800 ms (FindLiveObjects: 44.721700 ms CreateObjectMapping: 71.201200 ms MarkObjects: 320.101700 ms  DeleteObjects: 2.631800 ms)

Unloading 9 Unused Serialized files (Serialized files now loaded: 0)
[PhysX] Initialized MultithreadedTaskDispatcher with 4 workers.
UnloadTime: 33.220500 ms
Unloading 30 unused Assets to reduce memory usage. Loaded Objects now: 391443.
Total: 382.002900 ms (FindLiveObjects: 33.254700 ms CreateObjectMapping: 65.517400 ms MarkObjects: 281.028300 ms  DeleteObjects: 2.202100 ms)

Unloading 0 Unused Serialized files (Serialized files now loaded: 0)
Unloading 139037 unused Assets to reduce memory usage. Loaded Objects now: 400294.
Total: 639.003500 ms (FindLiveObjects: 69.227400 ms CreateObjectMapping: 92.578000 ms MarkObjects: 344.394100 ms  DeleteObjects: 132.803800 ms)

Unloading 7 Unused Serialized files (Serialized files now loaded: 0)
[PhysX] Initialized MultithreadedTaskDispatcher with 4 workers.
UnloadTime: 25.051600 ms
Unloading 34 unused Assets to reduce memory usage. Loaded Objects now: 388857.
Total: 406.509300 ms (FindLiveObjects: 35.816400 ms CreateObjectMapping: 69.426100 ms MarkObjects: 298.908100 ms  DeleteObjects: 2.358400 ms)

Unloading 0 Unused Serialized files (Serialized files now loaded: 0)
Unloading 0 unused Assets to reduce memory usage. Loaded Objects now: 388925.
Total: 399.520300 ms (FindLiveObjects: 33.447500 ms CreateObjectMapping: 65.539900 ms MarkObjects: 297.374700 ms  DeleteObjects: 3.157800 ms)

Unloading 9 Unused Serialized files (Serialized files now loaded: 0)
[PhysX] Initialized MultithreadedTaskDispatcher with 4 workers.
UnloadTime: 11.561000 ms
Unloading 15 unused Assets to reduce memory usage. Loaded Objects now: 396809.
Total: 393.005200 ms (FindLiveObjects: 34.966900 ms CreateObjectMapping: 66.025700 ms MarkObjects: 290.018100 ms  DeleteObjects: 1.994100 ms)

Unloading 0 Unused Serialized files (Serialized files now loaded: 0)
Unloading 0 unused Assets to reduce memory usage. Loaded Objects now: 397854.
Total: 400.354200 ms (FindLiveObjects: 35.162800 ms CreateObjectMapping: 71.279700 ms MarkObjects: 291.824800 ms  DeleteObjects: 2.086400 ms)

Unloading 9 Unused Serialized files (Serialized files now loaded: 0)
[PhysX] Initialized MultithreadedTaskDispatcher with 4 workers.
UnloadTime: 20.376200 ms
Unloading 28 unused Assets to reduce memory usage. Loaded Objects now: 391445.
Total: 402.632900 ms (FindLiveObjects: 36.171600 ms CreateObjectMapping: 66.595800 ms MarkObjects: 297.574600 ms  DeleteObjects: 2.290600 ms)

Unloading 0 Unused Serialized files (Serialized files now loaded: 0)
Unloading 27048 unused Assets to reduce memory usage. Loaded Objects now: 400039.
Total: 454.054300 ms (FindLiveObjects: 49.340100 ms CreateObjectMapping: 75.209300 ms MarkObjects: 308.618700 ms  DeleteObjects: 20.885800 ms)

Unloading 9 Unused Serialized files (Serialized files now loaded: 0)
[PhysX] Initialized MultithreadedTaskDispatcher with 4 workers.
UnloadTime: 27.683500 ms
Unloading 14 unused Assets to reduce memory usage. Loaded Objects now: 396783.
Total: 392.958500 ms (FindLiveObjects: 35.190900 ms CreateObjectMapping: 65.716500 ms MarkObjects: 289.921600 ms  DeleteObjects: 2.129300 ms)

Unloading 0 Unused Serialized files (Serialized files now loaded: 0)
Unloading 0 unused Assets to reduce memory usage. Loaded Objects now: 396826.
Total: 391.268500 ms (FindLiveObjects: 34.930300 ms CreateObjectMapping: 66.766700 ms MarkObjects: 287.517900 ms  DeleteObjects: 2.053400 ms)

Unloading 9 Unused Serialized files (Serialized files now loaded: 0)
[PhysX] Initialized MultithreadedTaskDispatcher with 4 workers.
UnloadTime: 20.792500 ms
Unloading 46 unused Assets to reduce memory usage. Loaded Objects now: 391401.
Total: 388.710400 ms (FindLiveObjects: 34.786100 ms CreateObjectMapping: 66.505900 ms MarkObjects: 285.457600 ms  DeleteObjects: 1.960500 ms)

Unloading 0 Unused Serialized files (Serialized files now loaded: 0)
Unloading 26547 unused Assets to reduce memory usage. Loaded Objects now: 401036.
Total: 447.015400 ms (FindLiveObjects: 39.793300 ms CreateObjectMapping: 73.464100 ms MarkObjects: 311.988900 ms  DeleteObjects: 21.768900 ms)

Unloading 9 Unused Serialized files (Serialized files now loaded: 0)
[PhysX] Initialized MultithreadedTaskDispatcher with 4 workers.
UnloadTime: 24.986100 ms
Unloading 14 unused Assets to reduce memory usage. Loaded Objects now: 396819.
Total: 390.153500 ms (FindLiveObjects: 35.012100 ms CreateObjectMapping: 66.729000 ms MarkObjects: 286.293200 ms  DeleteObjects: 2.119000 ms)

Unloading 0 Unused Serialized files (Serialized files now loaded: 0)
Unloading 0 unused Assets to reduce memory usage. Loaded Objects now: 396862.
Total: 405.698500 ms (FindLiveObjects: 36.717900 ms CreateObjectMapping: 67.674100 ms MarkObjects: 299.240600 ms  DeleteObjects: 2.065300 ms)

Unloading 9 Unused Serialized files (Serialized files now loaded: 0)
[PhysX] Initialized MultithreadedTaskDispatcher with 4 workers.
UnloadTime: 19.329100 ms
Unloading 82 unused Assets to reduce memory usage. Loaded Objects now: 391401.
Total: 403.682800 ms (FindLiveObjects: 36.896700 ms CreateObjectMapping: 66.377700 ms MarkObjects: 298.209700 ms  DeleteObjects: 2.198400 ms)

Unloading 0 Unused Serialized files (Serialized files now loaded: 0)
Unloading 45876 unused Assets to reduce memory usage. Loaded Objects now: 402652.
Total: 462.115100 ms (FindLiveObjects: 49.807300 ms CreateObjectMapping: 75.395900 ms MarkObjects: 302.267300 ms  DeleteObjects: 34.644400 ms)

Unloading 9 Unused Serialized files (Serialized files now loaded: 0)
[PhysX] Initialized MultithreadedTaskDispatcher with 4 workers.
UnloadTime: 30.488800 ms
Unloading 14 unused Assets to reduce memory usage. Loaded Objects now: 396806.
Total: 420.687300 ms (FindLiveObjects: 37.831900 ms CreateObjectMapping: 69.646900 ms MarkObjects: 310.563500 ms  DeleteObjects: 2.644600 ms)

Unloading 0 Unused Serialized files (Serialized files now loaded: 0)
Unloading 0 unused Assets to reduce memory usage. Loaded Objects now: 396849.
Total: 423.191200 ms (FindLiveObjects: 35.283700 ms CreateObjectMapping: 67.540900 ms MarkObjects: 318.317100 ms  DeleteObjects: 2.049000 ms)

Unloading 9 Unused Serialized files (Serialized files now loaded: 0)
[PhysX] Initialized MultithreadedTaskDispatcher with 4 workers.
UnloadTime: 20.651400 ms
Unloading 69 unused Assets to reduce memory usage. Loaded Objects now: 391401.
Total: 428.153900 ms (FindLiveObjects: 34.005000 ms CreateObjectMapping: 82.971800 ms MarkObjects: 308.860600 ms  DeleteObjects: 2.315600 ms)

Unloading 0 Unused Serialized files (Serialized files now loaded: 0)
Unloading 8347 unused Assets to reduce memory usage. Loaded Objects now: 401925.
Total: 419.740500 ms (FindLiveObjects: 36.822000 ms CreateObjectMapping: 73.731100 ms MarkObjects: 301.208300 ms  DeleteObjects: 7.978800 ms)

Unloading 9 Unused Serialized files (Serialized files now loaded: 0)
[PhysX] Initialized MultithreadedTaskDispatcher with 4 workers.
UnloadTime: 24.347400 ms
Unloading 14 unused Assets to reduce memory usage. Loaded Objects now: 396791.
Total: 398.245900 ms (FindLiveObjects: 34.580800 ms CreateObjectMapping: 66.196900 ms MarkObjects: 295.359700 ms  DeleteObjects: 2.108300 ms)

Unloading 0 Unused Serialized files (Serialized files now loaded: 0)
Unloading 0 unused Assets to reduce memory usage. Loaded Objects now: 396834.
Total: 414.342800 ms (FindLiveObjects: 34.507000 ms CreateObjectMapping: 65.478400 ms MarkObjects: 312.338000 ms  DeleteObjects: 2.019100 ms)

Unloading 9 Unused Serialized files (Serialized files now loaded: 0)
[PhysX] Initialized MultithreadedTaskDispatcher with 4 workers.
UnloadTime: 20.689000 ms
Unloading 54 unused Assets to reduce memory usage. Loaded Objects now: 391401.
Total: 464.391000 ms (FindLiveObjects: 37.790500 ms CreateObjectMapping: 67.735700 ms MarkObjects: 356.295500 ms  DeleteObjects: 2.568800 ms)

Unloading 0 Unused Serialized files (Serialized files now loaded: 0)
Unloading 65287 unused Assets to reduce memory usage. Loaded Objects now: 402022.
Total: 532.041100 ms (FindLiveObjects: 56.182500 ms CreateObjectMapping: 79.797800 ms MarkObjects: 334.163300 ms  DeleteObjects: 61.897100 ms)

Unloading 9 Unused Serialized files (Serialized files now loaded: 0)
[PhysX] Initialized MultithreadedTaskDispatcher with 4 workers.
UnloadTime: 28.301500 ms
Unloading 15 unused Assets to reduce memory usage. Loaded Objects now: 396816.
Total: 377.285000 ms (FindLiveObjects: 35.820900 ms CreateObjectMapping: 71.632100 ms MarkObjects: 266.521400 ms  DeleteObjects: 3.310300 ms)

Unloading 0 Unused Serialized files (Serialized files now loaded: 0)
Unloading 0 unused Assets to reduce memory usage. Loaded Objects now: 396859.
Total: 348.851900 ms (FindLiveObjects: 38.532300 ms CreateObjectMapping: 70.250300 ms MarkObjects: 238.043800 ms  DeleteObjects: 2.025300 ms)

Unloading 9 Unused Serialized files (Serialized files now loaded: 0)
[PhysX] Initialized MultithreadedTaskDispatcher with 4 workers.
UnloadTime: 22.345000 ms
Unloading 79 unused Assets to reduce memory usage. Loaded Objects now: 391401.
Total: 390.272400 ms (FindLiveObjects: 35.214400 ms CreateObjectMapping: 69.414200 ms MarkObjects: 283.541400 ms  DeleteObjects: 2.102000 ms)

Unloading 0 Unused Serialized files (Serialized files now loaded: 0)
Unloading 60199 unused Assets to reduce memory usage. Loaded Objects now: 399558.
Total: 476.844700 ms (FindLiveObjects: 54.996100 ms CreateObjectMapping: 76.990900 ms MarkObjects: 298.212700 ms  DeleteObjects: 46.644600 ms)

Unloading 9 Unused Serialized files (Serialized files now loaded: 0)
[PhysX] Initialized MultithreadedTaskDispatcher with 4 workers.
UnloadTime: 23.810900 ms
Unloading 23 unused Assets to reduce memory usage. Loaded Objects now: 396802.
Total: 398.913100 ms (FindLiveObjects: 34.718700 ms CreateObjectMapping: 66.084200 ms MarkObjects: 295.925900 ms  DeleteObjects: 2.184000 ms)

Unloading 0 Unused Serialized files (Serialized files now loaded: 0)
Unloading 0 unused Assets to reduce memory usage. Loaded Objects now: 396845.
Total: 393.024100 ms (FindLiveObjects: 34.657500 ms CreateObjectMapping: 66.524700 ms MarkObjects: 289.762400 ms  DeleteObjects: 2.079000 ms)

Unloading 9 Unused Serialized files (Serialized files now loaded: 0)
[PhysX] Initialized MultithreadedTaskDispatcher with 4 workers.
UnloadTime: 18.666700 ms
Unloading 65 unused Assets to reduce memory usage. Loaded Objects now: 391401.
Total: 413.255000 ms (FindLiveObjects: 33.863300 ms CreateObjectMapping: 64.219400 ms MarkObjects: 312.220000 ms  DeleteObjects: 2.951800 ms)

Unloading 0 Unused Serialized files (Serialized files now loaded: 0)
Unloading 4777 unused Assets to reduce memory usage. Loaded Objects now: 404114.
Total: 399.839500 ms (FindLiveObjects: 36.734100 ms CreateObjectMapping: 68.664600 ms MarkObjects: 288.834200 ms  DeleteObjects: 5.606400 ms)

Unloading 9 Unused Serialized files (Serialized files now loaded: 0)
[PhysX] Initialized MultithreadedTaskDispatcher with 4 workers.
UnloadTime: 30.222700 ms
Unloading 14 unused Assets to reduce memory usage. Loaded Objects now: 396789.
Total: 412.058400 ms (FindLiveObjects: 35.958600 ms CreateObjectMapping: 66.868800 ms MarkObjects: 306.879600 ms  DeleteObjects: 2.351300 ms)

Unloading 0 Unused Serialized files (Serialized files now loaded: 0)
Unloading 0 unused Assets to reduce memory usage. Loaded Objects now: 396832.
Total: 418.343700 ms (FindLiveObjects: 35.684800 ms CreateObjectMapping: 68.324500 ms MarkObjects: 311.978500 ms  DeleteObjects: 2.355600 ms)

Unloading 9 Unused Serialized files (Serialized files now loaded: 0)
[PhysX] Initialized MultithreadedTaskDispatcher with 4 workers.
UnloadTime: 19.357900 ms
Unloading 52 unused Assets to reduce memory usage. Loaded Objects now: 391401.
Total: 408.556700 ms (FindLiveObjects: 35.070100 ms CreateObjectMapping: 68.841100 ms MarkObjects: 302.539800 ms  DeleteObjects: 2.105600 ms)

Unloading 0 Unused Serialized files (Serialized files now loaded: 0)
Unloading 12696 unused Assets to reduce memory usage. Loaded Objects now: 404154.
Total: 452.915900 ms (FindLiveObjects: 43.927500 ms CreateObjectMapping: 76.989300 ms MarkObjects: 319.837000 ms  DeleteObjects: 12.161600 ms)

Unloading 9 Unused Serialized files (Serialized files now loaded: 0)
[PhysX] Initialized MultithreadedTaskDispatcher with 4 workers.
UnloadTime: 32.644700 ms
Unloading 14 unused Assets to reduce memory usage. Loaded Objects now: 396803.
Total: 419.632100 ms (FindLiveObjects: 36.757300 ms CreateObjectMapping: 67.454900 ms MarkObjects: 312.463200 ms  DeleteObjects: 2.956400 ms)

Unloading 0 Unused Serialized files (Serialized files now loaded: 0)
Unloading 0 unused Assets to reduce memory usage. Loaded Objects now: 396846.
Total: 421.859400 ms (FindLiveObjects: 39.823500 ms CreateObjectMapping: 66.555800 ms MarkObjects: 312.973500 ms  DeleteObjects: 2.506100 ms)

Unloading 9 Unused Serialized files (Serialized files now loaded: 0)
[PhysX] Initialized MultithreadedTaskDispatcher with 4 workers.
UnloadTime: 25.117100 ms
Unloading 66 unused Assets to reduce memory usage. Loaded Objects now: 391401.
Total: 404.532200 ms (FindLiveObjects: 36.733100 ms CreateObjectMapping: 67.791900 ms MarkObjects: 297.827900 ms  DeleteObjects: 2.179200 ms)

Unloading 0 Unused Serialized files (Serialized files now loaded: 0)
Unloading 4635 unused Assets to reduce memory usage. Loaded Objects now: 404612.
Total: 415.749400 ms (FindLiveObjects: 42.526000 ms CreateObjectMapping: 67.550000 ms MarkObjects: 299.841600 ms  DeleteObjects: 5.831600 ms)

Unloading 9 Unused Serialized files (Serialized files now loaded: 0)
[PhysX] Initialized MultithreadedTaskDispatcher with 4 workers.
UnloadTime: 30.054300 ms
Unloading 14 unused Assets to reduce memory usage. Loaded Objects now: 396789.
Total: 400.015800 ms (FindLiveObjects: 36.953400 ms CreateObjectMapping: 66.297500 ms MarkObjects: 294.734700 ms  DeleteObjects: 2.029700 ms)

Unloading 0 Unused Serialized files (Serialized files now loaded: 0)
Unloading 0 unused Assets to reduce memory usage. Loaded Objects now: 396832.
Total: 411.224200 ms (FindLiveObjects: 39.216900 ms CreateObjectMapping: 67.144900 ms MarkObjects: 302.715700 ms  DeleteObjects: 2.146200 ms)

Unloading 9 Unused Serialized files (Serialized files now loaded: 0)
[PhysX] Initialized MultithreadedTaskDispatcher with 4 workers.
UnloadTime: 21.191500 ms
Unloading 52 unused Assets to reduce memory usage. Loaded Objects now: 391401.
Total: 385.971400 ms (FindLiveObjects: 33.765000 ms CreateObjectMapping: 65.081900 ms MarkObjects: 284.998400 ms  DeleteObjects: 2.125900 ms)

Unloading 0 Unused Serialized files (Serialized files now loaded: 0)
Unloading 6467 unused Assets to reduce memory usage. Loaded Objects now: 409303.
Total: 411.450000 ms (FindLiveObjects: 38.284800 ms CreateObjectMapping: 67.408800 ms MarkObjects: 298.633800 ms  DeleteObjects: 7.122000 ms)

Unloading 9 Unused Serialized files (Serialized files now loaded: 0)
[PhysX] Initialized MultithreadedTaskDispatcher with 4 workers.
UnloadTime: 35.593400 ms
Unloading 14 unused Assets to reduce memory usage. Loaded Objects now: 396782.
Total: 406.876700 ms (FindLiveObjects: 35.125700 ms CreateObjectMapping: 67.084200 ms MarkObjects: 302.425100 ms  DeleteObjects: 2.241400 ms)

Unloading 0 Unused Serialized files (Serialized files now loaded: 0)
Unloading 0 unused Assets to reduce memory usage. Loaded Objects now: 396825.
Total: 440.666000 ms (FindLiveObjects: 38.701200 ms CreateObjectMapping: 71.376300 ms MarkObjects: 328.460700 ms  DeleteObjects: 2.127100 ms)

Unloading 9 Unused Serialized files (Serialized files now loaded: 0)
[PhysX] Initialized MultithreadedTaskDispatcher with 4 workers.
UnloadTime: 25.153300 ms
Unloading 45 unused Assets to reduce memory usage. Loaded Objects now: 391401.
Total: 397.695400 ms (FindLiveObjects: 40.829200 ms CreateObjectMapping: 68.980500 ms MarkObjects: 285.686200 ms  DeleteObjects: 2.199100 ms)

Unloading 0 Unused Serialized files (Serialized files now loaded: 0)
Unloading 46169 unused Assets to reduce memory usage. Loaded Objects now: 400086.
Total: 472.821000 ms (FindLiveObjects: 48.422400 ms CreateObjectMapping: 83.320500 ms MarkObjects: 304.219400 ms  DeleteObjects: 36.858400 ms)

Unloading 9 Unused Serialized files (Serialized files now loaded: 0)
[PhysX] Initialized MultithreadedTaskDispatcher with 4 workers.
UnloadTime: 27.119600 ms
Unloading 14 unused Assets to reduce memory usage. Loaded Objects now: 396811.
Total: 395.705500 ms (FindLiveObjects: 36.138000 ms CreateObjectMapping: 68.637000 ms MarkObjects: 287.649100 ms  DeleteObjects: 3.281100 ms)

Unloading 0 Unused Serialized files (Serialized files now loaded: 0)
Unloading 0 unused Assets to reduce memory usage. Loaded Objects now: 396854.
Total: 404.857600 ms (FindLiveObjects: 34.221100 ms CreateObjectMapping: 64.126000 ms MarkObjects: 304.476600 ms  DeleteObjects: 2.033400 ms)

Unloading 9 Unused Serialized files (Serialized files now loaded: 0)
[PhysX] Initialized MultithreadedTaskDispatcher with 4 workers.
UnloadTime: 19.750600 ms
Unloading 74 unused Assets to reduce memory usage. Loaded Objects now: 391401.
Total: 376.587200 ms (FindLiveObjects: 33.562400 ms CreateObjectMapping: 67.631200 ms MarkObjects: 273.132900 ms  DeleteObjects: 2.260400 ms)

Unloading 0 Unused Serialized files (Serialized files now loaded: 0)
Unloading 136259 unused Assets to reduce memory usage. Loaded Objects now: 399009.
Total: 611.456400 ms (FindLiveObjects: 62.163600 ms CreateObjectMapping: 97.073500 ms MarkObjects: 322.930200 ms  DeleteObjects: 129.288700 ms)

Unloading 9 Unused Serialized files (Serialized files now loaded: 0)
[PhysX] Initialized MultithreadedTaskDispatcher with 4 workers.
UnloadTime: 22.430200 ms
Unloading 20 unused Assets to reduce memory usage. Loaded Objects now: 396789.
Total: 423.403700 ms (FindLiveObjects: 38.435200 ms CreateObjectMapping: 69.740100 ms MarkObjects: 313.149600 ms  DeleteObjects: 2.078600 ms)

Unloading 0 Unused Serialized files (Serialized files now loaded: 0)
Unloading 0 unused Assets to reduce memory usage. Loaded Objects now: 396832.
Total: 398.673500 ms (FindLiveObjects: 35.896400 ms CreateObjectMapping: 67.471600 ms MarkObjects: 293.327700 ms  DeleteObjects: 1.977400 ms)

Unloading 9 Unused Serialized files (Serialized files now loaded: 0)
[PhysX] Initialized MultithreadedTaskDispatcher with 4 workers.
UnloadTime: 19.507800 ms
Unloading 52 unused Assets to reduce memory usage. Loaded Objects now: 391401.
Total: 388.924000 ms (FindLiveObjects: 34.834100 ms CreateObjectMapping: 66.485900 ms MarkObjects: 285.267000 ms  DeleteObjects: 2.336700 ms)

Unloading 0 Unused Serialized files (Serialized files now loaded: 0)
Unloading 36102 unused Assets to reduce memory usage. Loaded Objects now: 401255.
Total: 487.562100 ms (FindLiveObjects: 52.422700 ms CreateObjectMapping: 81.689000 ms MarkObjects: 324.195100 ms  DeleteObjects: 29.255100 ms)

Unloading 9 Unused Serialized files (Serialized files now loaded: 0)
[PhysX] Initialized MultithreadedTaskDispatcher with 4 workers.
UnloadTime: 26.019800 ms
Unloading 14 unused Assets to reduce memory usage. Loaded Objects now: 396819.
Total: 397.184000 ms (FindLiveObjects: 36.162400 ms CreateObjectMapping: 64.785100 ms MarkObjects: 293.891900 ms  DeleteObjects: 2.344200 ms)

Unloading 0 Unused Serialized files (Serialized files now loaded: 0)
Unloading 0 unused Assets to reduce memory usage. Loaded Objects now: 396862.
Total: 404.943500 ms (FindLiveObjects: 35.237500 ms CreateObjectMapping: 65.432800 ms MarkObjects: 302.327900 ms  DeleteObjects: 1.944400 ms)

Unloading 9 Unused Serialized files (Serialized files now loaded: 0)
[PhysX] Initialized MultithreadedTaskDispatcher with 4 workers.
UnloadTime: 18.967700 ms
Unloading 82 unused Assets to reduce memory usage. Loaded Objects now: 391401.
Total: 389.839900 ms (FindLiveObjects: 35.141200 ms CreateObjectMapping: 68.034500 ms MarkObjects: 284.394600 ms  DeleteObjects: 2.269300 ms)

Unloading 0 Unused Serialized files (Serialized files now loaded: 0)
Unloading 141698 unused Assets to reduce memory usage. Loaded Objects now: 400237.
Total: 645.467900 ms (FindLiveObjects: 64.963700 ms CreateObjectMapping: 100.064900 ms MarkObjects: 343.444700 ms  DeleteObjects: 136.994200 ms)

Unloading 9 Unused Serialized files (Serialized files now loaded: 0)
[PhysX] Initialized MultithreadedTaskDispatcher with 4 workers.
UnloadTime: 25.191500 ms
Unloading 26 unused Assets to reduce memory usage. Loaded Objects now: 396799.
Total: 399.384600 ms (FindLiveObjects: 37.801900 ms CreateObjectMapping: 66.284500 ms MarkObjects: 293.293400 ms  DeleteObjects: 2.004600 ms)

Unloading 0 Unused Serialized files (Serialized files now loaded: 0)
Unloading 0 unused Assets to reduce memory usage. Loaded Objects now: 396842.
Total: 394.065800 ms (FindLiveObjects: 35.252000 ms CreateObjectMapping: 66.328800 ms MarkObjects: 290.504600 ms  DeleteObjects: 1.980200 ms)

Unloading 9 Unused Serialized files (Serialized files now loaded: 0)
[PhysX] Initialized MultithreadedTaskDispatcher with 4 workers.
UnloadTime: 20.433400 ms
Unloading 62 unused Assets to reduce memory usage. Loaded Objects now: 391401.
Total: 404.589800 ms (FindLiveObjects: 35.055800 ms CreateObjectMapping: 68.272800 ms MarkObjects: 299.242500 ms  DeleteObjects: 2.018600 ms)

Unloading 0 Unused Serialized files (Serialized files now loaded: 0)
Unloading 2285 unused Assets to reduce memory usage. Loaded Objects now: 409736.
Total: 434.416900 ms (FindLiveObjects: 41.175800 ms CreateObjectMapping: 75.747800 ms MarkObjects: 313.578000 ms  DeleteObjects: 3.914900 ms)

Unloading 9 Unused Serialized files (Serialized files now loaded: 0)
[PhysX] Initialized MultithreadedTaskDispatcher with 4 workers.
UnloadTime: 32.935300 ms
Unloading 14 unused Assets to reduce memory usage. Loaded Objects now: 396775.
Total: 364.859100 ms (FindLiveObjects: 36.466500 ms CreateObjectMapping: 66.824500 ms MarkObjects: 259.413200 ms  DeleteObjects: 2.154600 ms)

Unloading 0 Unused Serialized files (Serialized files now loaded: 0)
Unloading 0 unused Assets to reduce memory usage. Loaded Objects now: 396818.
Total: 375.709500 ms (FindLiveObjects: 34.344000 ms CreateObjectMapping: 65.527100 ms MarkObjects: 273.780500 ms  DeleteObjects: 2.057600 ms)

Unloading 9 Unused Serialized files (Serialized files now loaded: 0)
[PhysX] Initialized MultithreadedTaskDispatcher with 4 workers.
UnloadTime: 18.931000 ms
Unloading 38 unused Assets to reduce memory usage. Loaded Objects now: 391401.
Total: 397.727100 ms (FindLiveObjects: 33.950900 ms CreateObjectMapping: 65.354400 ms MarkObjects: 296.223800 ms  DeleteObjects: 2.197700 ms)

Unloading 0 Unused Serialized files (Serialized files now loaded: 0)
Unloading 2621 unused Assets to reduce memory usage. Loaded Objects now: 410740.
Total: 459.109200 ms (FindLiveObjects: 48.936500 ms CreateObjectMapping: 90.373000 ms MarkObjects: 315.682100 ms  DeleteObjects: 4.117300 ms)

Unloading 9 Unused Serialized files (Serialized files now loaded: 0)
[PhysX] Initialized MultithreadedTaskDispatcher with 4 workers.
UnloadTime: 35.961600 ms
Unloading 14 unused Assets to reduce memory usage. Loaded Objects now: 396777.
Total: 391.217600 ms (FindLiveObjects: 50.295800 ms CreateObjectMapping: 77.215900 ms MarkObjects: 261.482500 ms  DeleteObjects: 2.222700 ms)

Unloading 0 Unused Serialized files (Serialized files now loaded: 0)
Unloading 0 unused Assets to reduce memory usage. Loaded Objects now: 396820.
Total: 351.854300 ms (FindLiveObjects: 37.652800 ms CreateObjectMapping: 64.846300 ms MarkObjects: 247.099800 ms  DeleteObjects: 2.255200 ms)

Unloading 9 Unused Serialized files (Serialized files now loaded: 0)
[PhysX] Initialized MultithreadedTaskDispatcher with 4 workers.
UnloadTime: 18.941200 ms
Unloading 40 unused Assets to reduce memory usage. Loaded Objects now: 391401.
Total: 388.269600 ms (FindLiveObjects: 33.810200 ms CreateObjectMapping: 67.822400 ms MarkObjects: 284.611200 ms  DeleteObjects: 2.025400 ms)

Unloading 0 Unused Serialized files (Serialized files now loaded: 0)
Unloading 126228 unused Assets to reduce memory usage. Loaded Objects now: 400598.
Total: 560.896400 ms (FindLiveObjects: 59.603000 ms CreateObjectMapping: 89.309700 ms MarkObjects: 299.031000 ms  DeleteObjects: 112.952400 ms)

Unloading 9 Unused Serialized files (Serialized files now loaded: 0)
[PhysX] Initialized MultithreadedTaskDispatcher with 4 workers.
UnloadTime: 25.504000 ms
Unloading 20 unused Assets to reduce memory usage. Loaded Objects now: 396810.
Total: 402.824000 ms (FindLiveObjects: 37.347600 ms CreateObjectMapping: 65.534300 ms MarkObjects: 297.794200 ms  DeleteObjects: 2.147600 ms)

Unloading 0 Unused Serialized files (Serialized files now loaded: 0)
Unloading 0 unused Assets to reduce memory usage. Loaded Objects now: 396853.
Total: 426.707200 ms (FindLiveObjects: 36.477100 ms CreateObjectMapping: 68.099500 ms MarkObjects: 320.109000 ms  DeleteObjects: 2.021200 ms)

Unloading 9 Unused Serialized files (Serialized files now loaded: 0)
[PhysX] Initialized MultithreadedTaskDispatcher with 4 workers.
UnloadTime: 22.624400 ms
Unloading 73 unused Assets to reduce memory usage. Loaded Objects now: 391401.
Total: 405.885500 ms (FindLiveObjects: 37.185700 ms CreateObjectMapping: 69.059100 ms MarkObjects: 297.296800 ms  DeleteObjects: 2.343400 ms)

Unloading 0 Unused Serialized files (Serialized files now loaded: 0)
Unloading 104074 unused Assets to reduce memory usage. Loaded Objects now: 400478.
Total: 542.933900 ms (FindLiveObjects: 57.432100 ms CreateObjectMapping: 88.042200 ms MarkObjects: 303.125200 ms  DeleteObjects: 94.334000 ms)

Unloading 9 Unused Serialized files (Serialized files now loaded: 0)
[PhysX] Initialized MultithreadedTaskDispatcher with 4 workers.
UnloadTime: 23.395900 ms
Unloading 25 unused Assets to reduce memory usage. Loaded Objects now: 396801.
Total: 411.840400 ms (FindLiveObjects: 34.598700 ms CreateObjectMapping: 66.279600 ms MarkObjects: 308.847200 ms  DeleteObjects: 2.114400 ms)

Unloading 0 Unused Serialized files (Serialized files now loaded: 0)
Unloading 0 unused Assets to reduce memory usage. Loaded Objects now: 396844.
Total: 399.521800 ms (FindLiveObjects: 35.522700 ms CreateObjectMapping: 65.174700 ms MarkObjects: 296.836600 ms  DeleteObjects: 1.987200 ms)

Unloading 9 Unused Serialized files (Serialized files now loaded: 0)
[PhysX] Initialized MultithreadedTaskDispatcher with 4 workers.
UnloadTime: 18.966200 ms
Unloading 64 unused Assets to reduce memory usage. Loaded Objects now: 391401.
Total: 401.737000 ms (FindLiveObjects: 34.151600 ms CreateObjectMapping: 68.197200 ms MarkObjects: 297.170000 ms  DeleteObjects: 2.217900 ms)

Unloading 0 Unused Serialized files (Serialized files now loaded: 0)
Unloading 15993 unused Assets to reduce memory usage. Loaded Objects now: 404522.
Total: 437.144700 ms (FindLiveObjects: 44.307400 ms CreateObjectMapping: 75.886300 ms MarkObjects: 301.697300 ms  DeleteObjects: 15.253200 ms)

Unloading 9 Unused Serialized files (Serialized files now loaded: 0)
[PhysX] Initialized MultithreadedTaskDispatcher with 4 workers.
UnloadTime: 30.006500 ms
Unloading 14 unused Assets to reduce memory usage. Loaded Objects now: 396807.
Total: 412.563900 ms (FindLiveObjects: 36.002100 ms CreateObjectMapping: 68.301000 ms MarkObjects: 306.305900 ms  DeleteObjects: 1.954600 ms)

Unloading 0 Unused Serialized files (Serialized files now loaded: 0)
Unloading 0 unused Assets to reduce memory usage. Loaded Objects now: 396850.
Total: 390.621500 ms (FindLiveObjects: 34.657100 ms CreateObjectMapping: 67.643400 ms MarkObjects: 286.424300 ms  DeleteObjects: 1.896400 ms)

Unloading 9 Unused Serialized files (Serialized files now loaded: 0)
[PhysX] Initialized MultithreadedTaskDispatcher with 4 workers.
UnloadTime: 18.969600 ms
Unloading 70 unused Assets to reduce memory usage. Loaded Objects now: 391401.
Total: 395.005200 ms (FindLiveObjects: 34.896700 ms CreateObjectMapping: 64.603600 ms MarkObjects: 293.317700 ms  DeleteObjects: 2.186200 ms)

Unloading 0 Unused Serialized files (Serialized files now loaded: 0)
Unloading 27649 unused Assets to reduce memory usage. Loaded Objects now: 401953.
Total: 459.594500 ms (FindLiveObjects: 50.915300 ms CreateObjectMapping: 74.638100 ms MarkObjects: 312.658100 ms  DeleteObjects: 21.382600 ms)

Unloading 9 Unused Serialized files (Serialized files now loaded: 0)
[PhysX] Initialized MultithreadedTaskDispatcher with 4 workers.
UnloadTime: 25.630100 ms
Unloading 14 unused Assets to reduce memory usage. Loaded Objects now: 396806.
Total: 416.438800 ms (FindLiveObjects: 37.096800 ms CreateObjectMapping: 69.552900 ms MarkObjects: 306.149300 ms  DeleteObjects: 3.639200 ms)

Unloading 0 Unused Serialized files (Serialized files now loaded: 0)
Unloading 0 unused Assets to reduce memory usage. Loaded Objects now: 396849.
Total: 409.110300 ms (FindLiveObjects: 36.350900 ms CreateObjectMapping: 67.309400 ms MarkObjects: 303.474100 ms  DeleteObjects: 1.975500 ms)

Unloading 9 Unused Serialized files (Serialized files now loaded: 0)
[PhysX] Initialized MultithreadedTaskDispatcher with 4 workers.
UnloadTime: 18.932100 ms
Unloading 69 unused Assets to reduce memory usage. Loaded Objects now: 391401.
Total: 385.325400 ms (FindLiveObjects: 34.184400 ms CreateObjectMapping: 64.841500 ms MarkObjects: 284.277700 ms  DeleteObjects: 2.021600 ms)

Unloading 0 Unused Serialized files (Serialized files now loaded: 0)
Unloading 188901 unused Assets to reduce memory usage. Loaded Objects now: 401674.
Total: 649.371300 ms (FindLiveObjects: 67.696700 ms CreateObjectMapping: 101.609900 ms MarkObjects: 298.357900 ms  DeleteObjects: 181.706400 ms)

Unloading 9 Unused Serialized files (Serialized files now loaded: 0)
[PhysX] Initialized MultithreadedTaskDispatcher with 4 workers.
UnloadTime: 28.248500 ms
Unloading 26 unused Assets to reduce memory usage. Loaded Objects now: 396786.
Total: 341.714100 ms (FindLiveObjects: 45.925600 ms CreateObjectMapping: 67.457000 ms MarkObjects: 226.133700 ms  DeleteObjects: 2.197600 ms)

Unloading 0 Unused Serialized files (Serialized files now loaded: 0)
Unloading 0 unused Assets to reduce memory usage. Loaded Objects now: 396829.
Total: 408.919400 ms (FindLiveObjects: 35.803300 ms CreateObjectMapping: 67.869000 ms MarkObjects: 303.184700 ms  DeleteObjects: 2.061900 ms)

Unloading 9 Unused Serialized files (Serialized files now loaded: 0)
[PhysX] Initialized MultithreadedTaskDispatcher with 4 workers.
UnloadTime: 19.554400 ms
Unloading 49 unused Assets to reduce memory usage. Loaded Objects now: 391401.
Total: 382.758500 ms (FindLiveObjects: 34.974900 ms CreateObjectMapping: 64.632800 ms MarkObjects: 281.031800 ms  DeleteObjects: 2.118600 ms)

Unloading 0 Unused Serialized files (Serialized files now loaded: 0)
Unloading 12769 unused Assets to reduce memory usage. Loaded Objects now: 399991.
Total: 440.506700 ms (FindLiveObjects: 50.515300 ms CreateObjectMapping: 72.795900 ms MarkObjects: 303.422200 ms  DeleteObjects: 13.773100 ms)

Unloading 9 Unused Serialized files (Serialized files now loaded: 0)
[PhysX] Initialized MultithreadedTaskDispatcher with 4 workers.
UnloadTime: 25.730500 ms
Unloading 14 unused Assets to reduce memory usage. Loaded Objects now: 396799.
Total: 345.253300 ms (FindLiveObjects: 36.967500 ms CreateObjectMapping: 69.771100 ms MarkObjects: 236.353200 ms  DeleteObjects: 2.161300 ms)

Unloading 0 Unused Serialized files (Serialized files now loaded: 0)
Unloading 0 unused Assets to reduce memory usage. Loaded Objects now: 396842.
Total: 374.781500 ms (FindLiveObjects: 37.594000 ms CreateObjectMapping: 71.682100 ms MarkObjects: 263.556100 ms  DeleteObjects: 1.949000 ms)

Unloading 9 Unused Serialized files (Serialized files now loaded: 0)
[PhysX] Initialized MultithreadedTaskDispatcher with 4 workers.
UnloadTime: 22.717400 ms
Unloading 62 unused Assets to reduce memory usage. Loaded Objects now: 391401.
Total: 404.856500 ms (FindLiveObjects: 38.369200 ms CreateObjectMapping: 68.312000 ms MarkObjects: 296.080200 ms  DeleteObjects: 2.094800 ms)

Unloading 0 Unused Serialized files (Serialized files now loaded: 0)
Unloading 7356 unused Assets to reduce memory usage. Loaded Objects now: 407383.
Total: 420.328600 ms (FindLiveObjects: 39.916800 ms CreateObjectMapping: 73.453700 ms MarkObjects: 299.046100 ms  DeleteObjects: 7.911400 ms)

Unloading 9 Unused Serialized files (Serialized files now loaded: 0)
[PhysX] Initialized MultithreadedTaskDispatcher with 4 workers.
UnloadTime: 29.732200 ms
Unloading 14 unused Assets to reduce memory usage. Loaded Objects now: 396780.
Total: 401.049400 ms (FindLiveObjects: 34.539500 ms CreateObjectMapping: 66.260600 ms MarkObjects: 298.163100 ms  DeleteObjects: 2.085800 ms)

Unloading 0 Unused Serialized files (Serialized files now loaded: 0)
Unloading 0 unused Assets to reduce memory usage. Loaded Objects now: 396823.
Total: 400.728800 ms (FindLiveObjects: 35.749000 ms CreateObjectMapping: 65.893800 ms MarkObjects: 297.174100 ms  DeleteObjects: 1.911500 ms)

Unloading 9 Unused Serialized files (Serialized files now loaded: 0)
[PhysX] Initialized MultithreadedTaskDispatcher with 4 workers.
UnloadTime: 21.088800 ms
Unloading 43 unused Assets to reduce memory usage. Loaded Objects now: 391401.
Total: 408.981500 ms (FindLiveObjects: 34.986600 ms CreateObjectMapping: 67.630100 ms MarkObjects: 304.279600 ms  DeleteObjects: 2.085100 ms)

Unloading 0 Unused Serialized files (Serialized files now loaded: 0)
Unloading 1733 unused Assets to reduce memory usage. Loaded Objects now: 408807.
Total: 420.396200 ms (FindLiveObjects: 37.627100 ms CreateObjectMapping: 65.471500 ms MarkObjects: 313.699900 ms  DeleteObjects: 3.597300 ms)

Unloading 9 Unused Serialized files (Serialized files now loaded: 0)
[PhysX] Initialized MultithreadedTaskDispatcher with 4 workers.
UnloadTime: 37.067000 ms
Unloading 14 unused Assets to reduce memory usage. Loaded Objects now: 396774.
Total: 401.581100 ms (FindLiveObjects: 36.627500 ms CreateObjectMapping: 66.610100 ms MarkObjects: 296.383900 ms  DeleteObjects: 1.956800 ms)

Unloading 0 Unused Serialized files (Serialized files now loaded: 0)
Unloading 0 unused Assets to reduce memory usage. Loaded Objects now: 396817.
Total: 409.855100 ms (FindLiveObjects: 35.885800 ms CreateObjectMapping: 71.610300 ms MarkObjects: 300.151300 ms  DeleteObjects: 2.207100 ms)

Unloading 9 Unused Serialized files (Serialized files now loaded: 0)
[PhysX] Initialized MultithreadedTaskDispatcher with 4 workers.
UnloadTime: 22.637300 ms
Unloading 37 unused Assets to reduce memory usage. Loaded Objects now: 391401.
Total: 415.015700 ms (FindLiveObjects: 36.326200 ms CreateObjectMapping: 69.996800 ms MarkObjects: 306.102700 ms  DeleteObjects: 2.589700 ms)

Unloading 0 Unused Serialized files (Serialized files now loaded: 0)
Unloading 127927 unused Assets to reduce memory usage. Loaded Objects now: 401670.
Total: 592.636300 ms (FindLiveObjects: 62.359600 ms CreateObjectMapping: 98.203200 ms MarkObjects: 304.386700 ms  DeleteObjects: 127.686400 ms)

Unloading 9 Unused Serialized files (Serialized files now loaded: 0)
[PhysX] Initialized MultithreadedTaskDispatcher with 4 workers.
UnloadTime: 27.665000 ms
Unloading 22 unused Assets to reduce memory usage. Loaded Objects now: 396821.
Total: 423.709700 ms (FindLiveObjects: 36.250400 ms CreateObjectMapping: 68.527400 ms MarkObjects: 316.723800 ms  DeleteObjects: 2.207600 ms)

Unloading 0 Unused Serialized files (Serialized files now loaded: 0)
Unloading 0 unused Assets to reduce memory usage. Loaded Objects now: 396864.
Total: 409.381400 ms (FindLiveObjects: 38.936100 ms CreateObjectMapping: 69.036300 ms MarkObjects: 299.072400 ms  DeleteObjects: 2.336200 ms)

Unloading 9 Unused Serialized files (Serialized files now loaded: 0)
[PhysX] Initialized MultithreadedTaskDispatcher with 4 workers.
UnloadTime: 20.631000 ms
Unloading 84 unused Assets to reduce memory usage. Loaded Objects now: 391401.
Total: 390.798900 ms (FindLiveObjects: 33.207300 ms CreateObjectMapping: 67.685300 ms MarkObjects: 287.575300 ms  DeleteObjects: 2.330600 ms)

Unloading 0 Unused Serialized files (Serialized files now loaded: 0)
Unloading 8435 unused Assets to reduce memory usage. Loaded Objects now: 404067.
Total: 418.233800 ms (FindLiveObjects: 38.047700 ms CreateObjectMapping: 72.593300 ms MarkObjects: 298.804400 ms  DeleteObjects: 8.788100 ms)

Unloading 9 Unused Serialized files (Serialized files now loaded: 0)
[PhysX] Initialized MultithreadedTaskDispatcher with 4 workers.
UnloadTime: 27.317700 ms
Unloading 14 unused Assets to reduce memory usage. Loaded Objects now: 396800.
Total: 422.649800 ms (FindLiveObjects: 35.122700 ms CreateObjectMapping: 65.288200 ms MarkObjects: 319.789000 ms  DeleteObjects: 2.449600 ms)

Unloading 0 Unused Serialized files (Serialized files now loaded: 0)
Unloading 0 unused Assets to reduce memory usage. Loaded Objects now: 396843.
Total: 428.960500 ms (FindLiveObjects: 35.713200 ms CreateObjectMapping: 69.956600 ms MarkObjects: 320.332400 ms  DeleteObjects: 2.958000 ms)

Unloading 9 Unused Serialized files (Serialized files now loaded: 0)
[PhysX] Initialized MultithreadedTaskDispatcher with 4 workers.
UnloadTime: 20.209300 ms
Unloading 63 unused Assets to reduce memory usage. Loaded Objects now: 391401.
Total: 405.992500 ms (FindLiveObjects: 36.703100 ms CreateObjectMapping: 69.497900 ms MarkObjects: 297.522900 ms  DeleteObjects: 2.268300 ms)

Unloading 0 Unused Serialized files (Serialized files now loaded: 0)
Unloading 27610 unused Assets to reduce memory usage. Loaded Objects now: 404746.
Total: 469.832200 ms (FindLiveObjects: 40.998900 ms CreateObjectMapping: 79.049100 ms MarkObjects: 326.824300 ms  DeleteObjects: 22.959600 ms)

Unloading 9 Unused Serialized files (Serialized files now loaded: 0)
[PhysX] Initialized MultithreadedTaskDispatcher with 4 workers.
UnloadTime: 36.184300 ms
Unloading 15 unused Assets to reduce memory usage. Loaded Objects now: 396815.
Total: 415.176000 ms (FindLiveObjects: 35.722900 ms CreateObjectMapping: 70.232500 ms MarkObjects: 307.211400 ms  DeleteObjects: 2.008800 ms)

Unloading 0 Unused Serialized files (Serialized files now loaded: 0)
Unloading 0 unused Assets to reduce memory usage. Loaded Objects now: 396858.
Total: 399.513500 ms (FindLiveObjects: 35.543100 ms CreateObjectMapping: 67.862100 ms MarkObjects: 294.104900 ms  DeleteObjects: 2.003000 ms)

Unloading 9 Unused Serialized files (Serialized files now loaded: 0)
[PhysX] Initialized MultithreadedTaskDispatcher with 4 workers.
UnloadTime: 20.598600 ms
Unloading 78 unused Assets to reduce memory usage. Loaded Objects now: 391401.
Total: 397.646500 ms (FindLiveObjects: 34.259400 ms CreateObjectMapping: 66.493500 ms MarkObjects: 294.912500 ms  DeleteObjects: 1.980700 ms)

Unloading 0 Unused Serialized files (Serialized files now loaded: 0)
Unloading 5807 unused Assets to reduce memory usage. Loaded Objects now: 407876.
Total: 411.749600 ms (FindLiveObjects: 45.177700 ms CreateObjectMapping: 69.968300 ms MarkObjects: 290.453000 ms  DeleteObjects: 6.150400 ms)

Unloading 9 Unused Serialized files (Serialized files now loaded: 0)
[PhysX] Initialized MultithreadedTaskDispatcher with 4 workers.
UnloadTime: 35.402000 ms
Unloading 14 unused Assets to reduce memory usage. Loaded Objects now: 396791.
Total: 417.575600 ms (FindLiveObjects: 37.717000 ms CreateObjectMapping: 67.482600 ms MarkObjects: 310.007200 ms  DeleteObjects: 2.368500 ms)

Unloading 0 Unused Serialized files (Serialized files now loaded: 0)
Unloading 0 unused Assets to reduce memory usage. Loaded Objects now: 396834.
Total: 417.932900 ms (FindLiveObjects: 34.535800 ms CreateObjectMapping: 65.938100 ms MarkObjects: 315.480200 ms  DeleteObjects: 1.978500 ms)

Unloading 9 Unused Serialized files (Serialized files now loaded: 0)
[PhysX] Initialized MultithreadedTaskDispatcher with 4 workers.
UnloadTime: 19.619500 ms
Unloading 54 unused Assets to reduce memory usage. Loaded Objects now: 391401.
Total: 378.834600 ms (FindLiveObjects: 33.752700 ms CreateObjectMapping: 64.856700 ms MarkObjects: 278.099800 ms  DeleteObjects: 2.125100 ms)

Unloading 0 Unused Serialized files (Serialized files now loaded: 0)
Unloading 16377 unused Assets to reduce memory usage. Loaded Objects now: 399976.
Total: 436.667900 ms (FindLiveObjects: 40.897100 ms CreateObjectMapping: 71.249300 ms MarkObjects: 309.632700 ms  DeleteObjects: 14.888000 ms)

Unloading 9 Unused Serialized files (Serialized files now loaded: 0)
[PhysX] Initialized MultithreadedTaskDispatcher with 4 workers.
UnloadTime: 25.076900 ms
Unloading 14 unused Assets to reduce memory usage. Loaded Objects now: 396800.
Total: 399.531200 ms (FindLiveObjects: 35.837800 ms CreateObjectMapping: 68.918100 ms MarkObjects: 292.551600 ms  DeleteObjects: 2.223200 ms)

Unloading 0 Unused Serialized files (Serialized files now loaded: 0)
Unloading 0 unused Assets to reduce memory usage. Loaded Objects now: 396843.
Total: 390.066700 ms (FindLiveObjects: 34.837200 ms CreateObjectMapping: 66.929400 ms MarkObjects: 286.185700 ms  DeleteObjects: 2.114100 ms)

Unloading 9 Unused Serialized files (Serialized files now loaded: 0)
[PhysX] Initialized MultithreadedTaskDispatcher with 4 workers.
UnloadTime: 18.927400 ms
Unloading 63 unused Assets to reduce memory usage. Loaded Objects now: 391401.
Total: 394.064600 ms (FindLiveObjects: 33.284900 ms CreateObjectMapping: 64.889200 ms MarkObjects: 293.644000 ms  DeleteObjects: 2.246300 ms)

Unloading 0 Unused Serialized files (Serialized files now loaded: 0)
Unloading 177346 unused Assets to reduce memory usage. Loaded Objects now: 400627.
Total: 673.844800 ms (FindLiveObjects: 70.569000 ms CreateObjectMapping: 96.877800 ms MarkObjects: 319.800300 ms  DeleteObjects: 186.597500 ms)

Unloading 7 Unused Serialized files (Serialized files now loaded: 0)
[PhysX] Initialized MultithreadedTaskDispatcher with 4 workers.
UnloadTime: 32.848900 ms
Unloading 38 unused Assets to reduce memory usage. Loaded Objects now: 388857.
Total: 402.358800 ms (FindLiveObjects: 34.981100 ms CreateObjectMapping: 67.419700 ms MarkObjects: 296.936800 ms  DeleteObjects: 3.021000 ms)

Unloading 0 Unused Serialized files (Serialized files now loaded: 0)
Unloading 0 unused Assets to reduce memory usage. Loaded Objects now: 389821.
Total: 427.648600 ms (FindLiveObjects: 35.878400 ms CreateObjectMapping: 71.857000 ms MarkObjects: 317.787300 ms  DeleteObjects: 2.125400 ms)

Unloading 9 Unused Serialized files (Serialized files now loaded: 0)
[PhysX] Initialized MultithreadedTaskDispatcher with 4 workers.
UnloadTime: 14.197000 ms
Unloading 15 unused Assets to reduce memory usage. Loaded Objects now: 396809.
Total: 409.157500 ms (FindLiveObjects: 40.406700 ms CreateObjectMapping: 70.933200 ms MarkObjects: 295.658100 ms  DeleteObjects: 2.159000 ms)

Unloading 0 Unused Serialized files (Serialized files now loaded: 0)
Unloading 0 unused Assets to reduce memory usage. Loaded Objects now: 397899.
Total: 420.486700 ms (FindLiveObjects: 36.315100 ms CreateObjectMapping: 68.018300 ms MarkObjects: 313.112300 ms  DeleteObjects: 3.040500 ms)

Unloading 9 Unused Serialized files (Serialized files now loaded: 0)
[PhysX] Initialized MultithreadedTaskDispatcher with 4 workers.
UnloadTime: 24.292200 ms
Unloading 26 unused Assets to reduce memory usage. Loaded Objects now: 391492.
Total: 381.832700 ms (FindLiveObjects: 34.118300 ms CreateObjectMapping: 73.172100 ms MarkObjects: 271.472800 ms  DeleteObjects: 3.069300 ms)

Unloading 0 Unused Serialized files (Serialized files now loaded: 0)
Unloading 7832 unused Assets to reduce memory usage. Loaded Objects now: 402486.
Total: 436.955000 ms (FindLiveObjects: 39.767500 ms CreateObjectMapping: 71.852700 ms MarkObjects: 316.395700 ms  DeleteObjects: 8.938700 ms)

Unloading 9 Unused Serialized files (Serialized files now loaded: 0)
[PhysX] Initialized MultithreadedTaskDispatcher with 4 workers.
UnloadTime: 25.844800 ms
Unloading 14 unused Assets to reduce memory usage. Loaded Objects now: 396805.
Total: 377.147800 ms (FindLiveObjects: 36.077400 ms CreateObjectMapping: 73.412900 ms MarkObjects: 265.384100 ms  DeleteObjects: 2.273100 ms)

Unloading 0 Unused Serialized files (Serialized files now loaded: 0)
Unloading 0 unused Assets to reduce memory usage. Loaded Objects now: 396848.
Total: 373.858800 ms (FindLiveObjects: 37.277900 ms CreateObjectMapping: 64.953300 ms MarkObjects: 269.658200 ms  DeleteObjects: 1.969000 ms)

Unloading 9 Unused Serialized files (Serialized files now loaded: 0)
[PhysX] Initialized MultithreadedTaskDispatcher with 4 workers.
UnloadTime: 21.766600 ms
Unloading 46 unused Assets to reduce memory usage. Loaded Objects now: 391423.
Total: 393.296000 ms (FindLiveObjects: 34.456300 ms CreateObjectMapping: 64.207400 ms MarkObjects: 292.634800 ms  DeleteObjects: 1.997200 ms)

Unloading 0 Unused Serialized files (Serialized files now loaded: 0)
Unloading 47249 unused Assets to reduce memory usage. Loaded Objects now: 402599.
Total: 477.372000 ms (FindLiveObjects: 50.796100 ms CreateObjectMapping: 76.132100 ms MarkObjects: 314.424300 ms  DeleteObjects: 36.019300 ms)

Unloading 9 Unused Serialized files (Serialized files now loaded: 0)
[PhysX] Initialized MultithreadedTaskDispatcher with 4 workers.
UnloadTime: 26.530100 ms
Unloading 14 unused Assets to reduce memory usage. Loaded Objects now: 396839.
Total: 396.185300 ms (FindLiveObjects: 36.074500 ms CreateObjectMapping: 68.380400 ms MarkObjects: 289.710500 ms  DeleteObjects: 2.019800 ms)

Unloading 0 Unused Serialized files (Serialized files now loaded: 0)
Unloading 0 unused Assets to reduce memory usage. Loaded Objects now: 396882.
Total: 411.712000 ms (FindLiveObjects: 35.853500 ms CreateObjectMapping: 70.533200 ms MarkObjects: 303.187700 ms  DeleteObjects: 2.137200 ms)

Unloading 9 Unused Serialized files (Serialized files now loaded: 0)
[PhysX] Initialized MultithreadedTaskDispatcher with 4 workers.
UnloadTime: 19.984400 ms
Unloading 80 unused Assets to reduce memory usage. Loaded Objects now: 391423.
Total: 421.054200 ms (FindLiveObjects: 35.146900 ms CreateObjectMapping: 69.735900 ms MarkObjects: 312.610900 ms  DeleteObjects: 3.559900 ms)

Unloading 0 Unused Serialized files (Serialized files now loaded: 0)
Unloading 19086 unused Assets to reduce memory usage. Loaded Objects now: 404105.
Total: 435.770000 ms (FindLiveObjects: 41.885000 ms CreateObjectMapping: 72.574000 ms MarkObjects: 305.076100 ms  DeleteObjects: 16.234600 ms)

Unloading 9 Unused Serialized files (Serialized files now loaded: 0)
[PhysX] Initialized MultithreadedTaskDispatcher with 4 workers.
UnloadTime: 31.041000 ms
Unloading 14 unused Assets to reduce memory usage. Loaded Objects now: 396831.
Total: 352.414300 ms (FindLiveObjects: 34.795300 ms CreateObjectMapping: 66.519200 ms MarkObjects: 248.550900 ms  DeleteObjects: 2.548600 ms)

Unloading 0 Unused Serialized files (Serialized files now loaded: 0)
Unloading 0 unused Assets to reduce memory usage. Loaded Objects now: 396874.
Total: 349.100100 ms (FindLiveObjects: 34.757800 ms CreateObjectMapping: 67.295200 ms MarkObjects: 243.913500 ms  DeleteObjects: 3.133200 ms)

Unloading 9 Unused Serialized files (Serialized files now loaded: 0)
[PhysX] Initialized MultithreadedTaskDispatcher with 4 workers.
UnloadTime: 21.685800 ms
Unloading 72 unused Assets to reduce memory usage. Loaded Objects now: 391423.
Total: 412.492900 ms (FindLiveObjects: 33.863600 ms CreateObjectMapping: 68.020200 ms MarkObjects: 307.609600 ms  DeleteObjects: 2.999000 ms)

Unloading 0 Unused Serialized files (Serialized files now loaded: 0)
Unloading 206693 unused Assets to reduce memory usage. Loaded Objects now: 401201.
Total: 721.570500 ms (FindLiveObjects: 70.158100 ms CreateObjectMapping: 115.021400 ms MarkObjects: 314.634100 ms  DeleteObjects: 221.756500 ms)

Unloading 9 Unused Serialized files (Serialized files now loaded: 0)
[PhysX] Initialized MultithreadedTaskDispatcher with 4 workers.
UnloadTime: 27.626100 ms
Unloading 23 unused Assets to reduce memory usage. Loaded Objects now: 396827.
Total: 472.219500 ms (FindLiveObjects: 46.282100 ms CreateObjectMapping: 79.542300 ms MarkObjects: 343.908600 ms  DeleteObjects: 2.486000 ms)

Unloading 0 Unused Serialized files (Serialized files now loaded: 0)
Unloading 0 unused Assets to reduce memory usage. Loaded Objects now: 396870.
Total: 417.439300 ms (FindLiveObjects: 38.163500 ms CreateObjectMapping: 71.680200 ms MarkObjects: 305.609200 ms  DeleteObjects: 1.985800 ms)

Unloading 9 Unused Serialized files (Serialized files now loaded: 0)
[PhysX] Initialized MultithreadedTaskDispatcher with 4 workers.
UnloadTime: 19.080500 ms
Unloading 68 unused Assets to reduce memory usage. Loaded Objects now: 391423.
Total: 395.895200 ms (FindLiveObjects: 33.961600 ms CreateObjectMapping: 66.865800 ms MarkObjects: 292.050500 ms  DeleteObjects: 3.016900 ms)

Unloading 0 Unused Serialized files (Serialized files now loaded: 0)
Unloading 174623 unused Assets to reduce memory usage. Loaded Objects now: 403185.
Total: 653.507600 ms (FindLiveObjects: 74.252100 ms CreateObjectMapping: 100.507300 ms MarkObjects: 309.264300 ms  DeleteObjects: 169.483800 ms)

Unloading 7 Unused Serialized files (Serialized files now loaded: 0)
[PhysX] Initialized MultithreadedTaskDispatcher with 4 workers.
UnloadTime: 33.753600 ms
Unloading 54 unused Assets to reduce memory usage. Loaded Objects now: 388850.
Total: 420.293900 ms (FindLiveObjects: 33.190000 ms CreateObjectMapping: 66.485800 ms MarkObjects: 317.857300 ms  DeleteObjects: 2.760500 ms)

Unloading 0 Unused Serialized files (Serialized files now loaded: 0)
Unloading 0 unused Assets to reduce memory usage. Loaded Objects now: 389816.
Total: 417.161900 ms (FindLiveObjects: 38.222500 ms CreateObjectMapping: 64.898700 ms MarkObjects: 311.730300 ms  DeleteObjects: 2.310100 ms)

Unloading 9 Unused Serialized files (Serialized files now loaded: 0)
[PhysX] Initialized MultithreadedTaskDispatcher with 4 workers.
UnloadTime: 12.310700 ms
Unloading 15 unused Assets to reduce memory usage. Loaded Objects now: 396802.
Total: 357.964400 ms (FindLiveObjects: 36.407200 ms CreateObjectMapping: 70.969000 ms MarkObjects: 248.451200 ms  DeleteObjects: 2.136700 ms)

Unloading 0 Unused Serialized files (Serialized files now loaded: 0)
Unloading 0 unused Assets to reduce memory usage. Loaded Objects now: 397894.
Total: 424.523000 ms (FindLiveObjects: 50.378800 ms CreateObjectMapping: 70.328800 ms MarkObjects: 301.651600 ms  DeleteObjects: 2.163200 ms)

Unloading 9 Unused Serialized files (Serialized files now loaded: 0)
[PhysX] Initialized MultithreadedTaskDispatcher with 4 workers.
UnloadTime: 26.327000 ms
Unloading 29 unused Assets to reduce memory usage. Loaded Objects now: 391482.
Total: 422.227500 ms (FindLiveObjects: 35.959800 ms CreateObjectMapping: 70.827700 ms MarkObjects: 312.934000 ms  DeleteObjects: 2.505600 ms)

Unloading 0 Unused Serialized files (Serialized files now loaded: 0)
Unloading 15340 unused Assets to reduce memory usage. Loaded Objects now: 407586.
Total: 431.866500 ms (FindLiveObjects: 41.267200 ms CreateObjectMapping: 70.352700 ms MarkObjects: 307.057100 ms  DeleteObjects: 13.189200 ms)

Unloading 9 Unused Serialized files (Serialized files now loaded: 0)
[PhysX] Initialized MultithreadedTaskDispatcher with 4 workers.
UnloadTime: 31.506400 ms
Unloading 15 unused Assets to reduce memory usage. Loaded Objects now: 396809.
Total: 406.722600 ms (FindLiveObjects: 36.414700 ms CreateObjectMapping: 67.768800 ms MarkObjects: 300.445000 ms  DeleteObjects: 2.093800 ms)

Unloading 0 Unused Serialized files (Serialized files now loaded: 0)
Unloading 0 unused Assets to reduce memory usage. Loaded Objects now: 396852.
Total: 395.266600 ms (FindLiveObjects: 35.605100 ms CreateObjectMapping: 65.375200 ms MarkObjects: 292.064300 ms  DeleteObjects: 2.221600 ms)

Unloading 9 Unused Serialized files (Serialized files now loaded: 0)
[PhysX] Initialized MultithreadedTaskDispatcher with 4 workers.
UnloadTime: 19.063700 ms
Unloading 34 unused Assets to reduce memory usage. Loaded Objects now: 391439.
Total: 383.942900 ms (FindLiveObjects: 33.385200 ms CreateObjectMapping: 64.969300 ms MarkObjects: 283.627000 ms  DeleteObjects: 1.961200 ms)

Unloading 0 Unused Serialized files (Serialized files now loaded: 0)
Unloading 106095 unused Assets to reduce memory usage. Loaded Objects now: 399889.
Total: 567.109400 ms (FindLiveObjects: 60.807600 ms CreateObjectMapping: 89.934800 ms MarkObjects: 312.569900 ms  DeleteObjects: 103.796900 ms)

Unloading 9 Unused Serialized files (Serialized files now loaded: 0)
[PhysX] Initialized MultithreadedTaskDispatcher with 4 workers.
UnloadTime: 27.211700 ms
Unloading 27 unused Assets to reduce memory usage. Loaded Objects now: 396849.
Total: 358.633200 ms (FindLiveObjects: 38.004900 ms CreateObjectMapping: 69.943300 ms MarkObjects: 248.184800 ms  DeleteObjects: 2.499800 ms)

Unloading 0 Unused Serialized files (Serialized files now loaded: 0)
Unloading 0 unused Assets to reduce memory usage. Loaded Objects now: 396892.
Total: 334.895600 ms (FindLiveObjects: 35.965700 ms CreateObjectMapping: 64.992000 ms MarkObjects: 231.911800 ms  DeleteObjects: 2.025600 ms)

Unloading 9 Unused Serialized files (Serialized files now loaded: 0)
[PhysX] Initialized MultithreadedTaskDispatcher with 4 workers.
UnloadTime: 22.412100 ms
Unloading 74 unused Assets to reduce memory usage. Loaded Objects now: 391439.
Total: 397.492800 ms (FindLiveObjects: 33.784100 ms CreateObjectMapping: 65.017400 ms MarkObjects: 296.474300 ms  DeleteObjects: 2.216700 ms)

Unloading 0 Unused Serialized files (Serialized files now loaded: 0)
Unloading 39581 unused Assets to reduce memory usage. Loaded Objects now: 404998.
Total: 485.437300 ms (FindLiveObjects: 51.152700 ms CreateObjectMapping: 85.734100 ms MarkObjects: 318.670100 ms  DeleteObjects: 29.879900 ms)

Unloading 9 Unused Serialized files (Serialized files now loaded: 0)
[PhysX] Initialized MultithreadedTaskDispatcher with 4 workers.
UnloadTime: 34.386200 ms
Unloading 16 unused Assets to reduce memory usage. Loaded Objects now: 396844.
Total: 427.021600 ms (FindLiveObjects: 34.643800 ms CreateObjectMapping: 66.554300 ms MarkObjects: 323.753800 ms  DeleteObjects: 2.069400 ms)

Unloading 0 Unused Serialized files (Serialized files now loaded: 0)
Unloading 0 unused Assets to reduce memory usage. Loaded Objects now: 396887.
Total: 419.003200 ms (FindLiveObjects: 35.088200 ms CreateObjectMapping: 65.272700 ms MarkObjects: 316.306800 ms  DeleteObjects: 2.335200 ms)

Unloading 9 Unused Serialized files (Serialized files now loaded: 0)
[PhysX] Initialized MultithreadedTaskDispatcher with 4 workers.
UnloadTime: 19.935200 ms
Unloading 69 unused Assets to reduce memory usage. Loaded Objects now: 391439.
Total: 407.321200 ms (FindLiveObjects: 33.168300 ms CreateObjectMapping: 65.368800 ms MarkObjects: 306.211200 ms  DeleteObjects: 2.572300 ms)

Unloading 0 Unused Serialized files (Serialized files now loaded: 0)
Unloading 79327 unused Assets to reduce memory usage. Loaded Objects now: 399345.
Total: 545.672000 ms (FindLiveObjects: 59.308200 ms CreateObjectMapping: 91.305200 ms MarkObjects: 334.640800 ms  DeleteObjects: 60.417600 ms)

Unloading 9 Unused Serialized files (Serialized files now loaded: 0)
[PhysX] Initialized MultithreadedTaskDispatcher with 4 workers.
UnloadTime: 26.677600 ms
Unloading 17 unused Assets to reduce memory usage. Loaded Objects now: 396843.
Total: 357.586500 ms (FindLiveObjects: 35.592200 ms CreateObjectMapping: 66.503600 ms MarkObjects: 253.261800 ms  DeleteObjects: 2.228500 ms)

Unloading 0 Unused Serialized files (Serialized files now loaded: 0)
Unloading 0 unused Assets to reduce memory usage. Loaded Objects now: 396886.
Total: 358.782300 ms (FindLiveObjects: 37.761500 ms CreateObjectMapping: 72.253400 ms MarkObjects: 246.431700 ms  DeleteObjects: 2.335300 ms)

Unloading 9 Unused Serialized files (Serialized files now loaded: 0)
[PhysX] Initialized MultithreadedTaskDispatcher with 4 workers.
UnloadTime: 21.034000 ms
Unloading 68 unused Assets to reduce memory usage. Loaded Objects now: 391439.
Total: 411.745800 ms (FindLiveObjects: 37.203400 ms CreateObjectMapping: 72.619000 ms MarkObjects: 299.068400 ms  DeleteObjects: 2.854500 ms)

Unloading 0 Unused Serialized files (Serialized files now loaded: 0)
Unloading 80942 unused Assets to reduce memory usage. Loaded Objects now: 397846.
Total: 494.830300 ms (FindLiveObjects: 61.136200 ms CreateObjectMapping: 85.228600 ms MarkObjects: 286.714500 ms  DeleteObjects: 61.750500 ms)

Unloading 8 Unused Serialized files (Serialized files now loaded: 0)
[PhysX] Initialized MultithreadedTaskDispatcher with 4 workers.
UnloadTime: 20.574000 ms
Unloading 34 unused Assets to reduce memory usage. Loaded Objects now: 389091.
Total: 409.343200 ms (FindLiveObjects: 33.111100 ms CreateObjectMapping: 67.163300 ms MarkObjects: 306.537400 ms  DeleteObjects: 2.531200 ms)

Unloading 0 Unused Serialized files (Serialized files now loaded: 0)
Unloading 0 unused Assets to reduce memory usage. Loaded Objects now: 393944.
Total: 419.554300 ms (FindLiveObjects: 34.712400 ms CreateObjectMapping: 70.277500 ms MarkObjects: 312.532100 ms  DeleteObjects: 2.032100 ms)

Unloading 7 Unused Serialized files (Serialized files now loaded: 0)
[PhysX] Initialized MultithreadedTaskDispatcher with 4 workers.
UnloadTime: 15.488100 ms
Unloading 13 unused Assets to reduce memory usage. Loaded Objects now: 387161.
Total: 394.717400 ms (FindLiveObjects: 32.989600 ms CreateObjectMapping: 64.348300 ms MarkObjects: 295.253000 ms  DeleteObjects: 2.126300 ms)

Unloading 1 Unused Serialized files (Serialized files now loaded: 0)
Unloading 1 unused Assets to reduce memory usage. Loaded Objects now: 387180.
Total: 432.953800 ms (FindLiveObjects: 34.825200 ms CreateObjectMapping: 71.960700 ms MarkObjects: 323.554600 ms  DeleteObjects: 2.613000 ms)

Unloading 7 Unused Serialized files (Serialized files now loaded: 0)
[PhysX] Initialized MultithreadedTaskDispatcher with 4 workers.
UnloadTime: 11.268900 ms
Unloading 131 unused Assets to reduce memory usage. Loaded Objects now: 403462.
Total: 400.780400 ms (FindLiveObjects: 36.579800 ms CreateObjectMapping: 68.467200 ms MarkObjects: 293.297200 ms  DeleteObjects: 2.436000 ms)

Unloading 0 Unused Serialized files (Serialized files now loaded: 0)
Unloading 0 unused Assets to reduce memory usage. Loaded Objects now: 408351.
Total: 428.236600 ms (FindLiveObjects: 54.630200 ms CreateObjectMapping: 68.264000 ms MarkObjects: 303.114400 ms  DeleteObjects: 2.227700 ms)

Unloading 6 Unused Serialized files (Serialized files now loaded: 0)
[PhysX] Initialized MultithreadedTaskDispatcher with 4 workers.
UnloadTime: 32.396000 ms
Unloading 44 unused Assets to reduce memory usage. Loaded Objects now: 384619.
Total: 411.980400 ms (FindLiveObjects: 32.370500 ms CreateObjectMapping: 66.024900 ms MarkObjects: 311.414000 ms  DeleteObjects: 2.170800 ms)

Unloading 0 Unused Serialized files (Serialized files now loaded: 0)
Unloading 0 unused Assets to reduce memory usage. Loaded Objects now: 384619.
Total: 403.223200 ms (FindLiveObjects: 33.567600 ms CreateObjectMapping: 65.851800 ms MarkObjects: 301.816200 ms  DeleteObjects: 1.987200 ms)

Unloading 5 Unused Serialized files (Serialized files now loaded: 0)
[PhysX] Initialized MultithreadedTaskDispatcher with 4 workers.
UnloadTime: 7.277700 ms
Unloading 39 unused Assets to reduce memory usage. Loaded Objects now: 384760.
Total: 492.495300 ms (FindLiveObjects: 33.986200 ms CreateObjectMapping: 67.926600 ms MarkObjects: 388.464700 ms  DeleteObjects: 2.117500 ms)

Unloading 0 Unused Serialized files (Serialized files now loaded: 0)
Unloading 0 unused Assets to reduce memory usage. Loaded Objects now: 384760.
Total: 452.370600 ms (FindLiveObjects: 35.150600 ms CreateObjectMapping: 70.221200 ms MarkObjects: 345.100300 ms  DeleteObjects: 1.898000 ms)

Unloading 9 Unused Serialized files (Serialized files now loaded: 0)
[PhysX] Initialized MultithreadedTaskDispatcher with 4 workers.
UnloadTime: 8.951300 ms
Unloading 2 unused Assets to reduce memory usage. Loaded Objects now: 397045.
Total: 432.296200 ms (FindLiveObjects: 43.829600 ms CreateObjectMapping: 73.934100 ms MarkObjects: 311.325500 ms  DeleteObjects: 3.206600 ms)

Unloading 0 Unused Serialized files (Serialized files now loaded: 0)
Unloading 0 unused Assets to reduce memory usage. Loaded Objects now: 397088.
Total: 405.876500 ms (FindLiveObjects: 37.761800 ms CreateObjectMapping: 67.305400 ms MarkObjects: 298.776400 ms  DeleteObjects: 2.032400 ms)

Unloading 9 Unused Serialized files (Serialized files now loaded: 0)
[PhysX] Initialized MultithreadedTaskDispatcher with 4 workers.
UnloadTime: 19.967300 ms
Unloading 25 unused Assets to reduce memory usage. Loaded Objects now: 392368.
Total: 417.631000 ms (FindLiveObjects: 33.871400 ms CreateObjectMapping: 67.033600 ms MarkObjects: 314.584700 ms  DeleteObjects: 2.140900 ms)

Unloading 0 Unused Serialized files (Serialized files now loaded: 0)
Unloading 20 unused Assets to reduce memory usage. Loaded Objects now: 397342.
Total: 449.623600 ms (FindLiveObjects: 53.141600 ms CreateObjectMapping: 72.199600 ms MarkObjects: 322.228700 ms  DeleteObjects: 2.053400 ms)

Unloading 7 Unused Serialized files (Serialized files now loaded: 0)
[PhysX] Initialized MultithreadedTaskDispatcher with 4 workers.
UnloadTime: 18.791100 ms
Unloading 200 unused Assets to reduce memory usage. Loaded Objects now: 388893.
Total: 402.200200 ms (FindLiveObjects: 38.447900 ms CreateObjectMapping: 66.473900 ms MarkObjects: 294.313900 ms  DeleteObjects: 2.964100 ms)

Unloading 0 Unused Serialized files (Serialized files now loaded: 0)
Unloading 0 unused Assets to reduce memory usage. Loaded Objects now: 390373.
Total: 419.221200 ms (FindLiveObjects: 39.280900 ms CreateObjectMapping: 70.270200 ms MarkObjects: 307.595500 ms  DeleteObjects: 2.074200 ms)

Unloading 9 Unused Serialized files (Serialized files now loaded: 0)
[PhysX] Initialized MultithreadedTaskDispatcher with 4 workers.
UnloadTime: 11.979200 ms
Unloading 15 unused Assets to reduce memory usage. Loaded Objects now: 392368.
Total: 409.887000 ms (FindLiveObjects: 34.573500 ms CreateObjectMapping: 67.727000 ms MarkObjects: 305.492400 ms  DeleteObjects: 2.093600 ms)

Unloading 0 Unused Serialized files (Serialized files now loaded: 0)
Unloading 20 unused Assets to reduce memory usage. Loaded Objects now: 397014.
Total: 425.898100 ms (FindLiveObjects: 36.680700 ms CreateObjectMapping: 68.847800 ms MarkObjects: 318.276300 ms  DeleteObjects: 2.092700 ms)

Unloading 7 Unused Serialized files (Serialized files now loaded: 0)
[PhysX] Initialized MultithreadedTaskDispatcher with 4 workers.
UnloadTime: 17.155000 ms
Unloading 200 unused Assets to reduce memory usage. Loaded Objects now: 388893.
Total: 401.230800 ms (FindLiveObjects: 36.384500 ms CreateObjectMapping: 66.957700 ms MarkObjects: 295.075200 ms  DeleteObjects: 2.813200 ms)

Unloading 0 Unused Serialized files (Serialized files now loaded: 0)
Unloading 0 unused Assets to reduce memory usage. Loaded Objects now: 389401.
Total: 407.915600 ms (FindLiveObjects: 34.505900 ms CreateObjectMapping: 64.661000 ms MarkObjects: 306.529500 ms  DeleteObjects: 2.218800 ms)

Unloading 9 Unused Serialized files (Serialized files now loaded: 0)
[PhysX] Initialized MultithreadedTaskDispatcher with 4 workers.
UnloadTime: 11.236300 ms
Unloading 15 unused Assets to reduce memory usage. Loaded Objects now: 392368.
Total: 439.106400 ms (FindLiveObjects: 38.127600 ms CreateObjectMapping: 75.597900 ms MarkObjects: 322.640800 ms  DeleteObjects: 2.739900 ms)

Unloading 0 Unused Serialized files (Serialized files now loaded: 0)
Unloading 20 unused Assets to reduce memory usage. Loaded Objects now: 397160.
Total: 432.286500 ms (FindLiveObjects: 37.758000 ms CreateObjectMapping: 73.300600 ms MarkObjects: 319.204200 ms  DeleteObjects: 2.023400 ms)

Unloading 7 Unused Serialized files (Serialized files now loaded: 0)
[PhysX] Initialized MultithreadedTaskDispatcher with 4 workers.
UnloadTime: 17.078000 ms
Unloading 200 unused Assets to reduce memory usage. Loaded Objects now: 388893.
Total: 415.922200 ms (FindLiveObjects: 34.965400 ms CreateObjectMapping: 69.049600 ms MarkObjects: 309.081900 ms  DeleteObjects: 2.824800 ms)

Unloading 0 Unused Serialized files (Serialized files now loaded: 0)
Unloading 0 unused Assets to reduce memory usage. Loaded Objects now: 389853.
Total: 463.211200 ms (FindLiveObjects: 41.844400 ms CreateObjectMapping: 72.579000 ms MarkObjects: 346.036000 ms  DeleteObjects: 2.751400 ms)

Unloading 9 Unused Serialized files (Serialized files now loaded: 0)
[PhysX] Initialized MultithreadedTaskDispatcher with 4 workers.
UnloadTime: 12.028400 ms
Unloading 15 unused Assets to reduce memory usage. Loaded Objects now: 392368.
Total: 436.417300 ms (FindLiveObjects: 36.375000 ms CreateObjectMapping: 73.078900 ms MarkObjects: 323.664200 ms  DeleteObjects: 3.298800 ms)

Unloading 0 Unused Serialized files (Serialized files now loaded: 0)
Unloading 20 unused Assets to reduce memory usage. Loaded Objects now: 392405.
Total: 447.251600 ms (FindLiveObjects: 40.077400 ms CreateObjectMapping: 75.666700 ms MarkObjects: 329.305400 ms  DeleteObjects: 2.201900 ms)

Unloading 9 Unused Serialized files (Serialized files now loaded: 0)
[PhysX] Initialized MultithreadedTaskDispatcher with 4 workers.
UnloadTime: 17.114000 ms
Unloading 184 unused Assets to reduce memory usage. Loaded Objects now: 397045.
Total: 399.736800 ms (FindLiveObjects: 36.616100 ms CreateObjectMapping: 68.147400 ms MarkObjects: 292.505500 ms  DeleteObjects: 2.467400 ms)

Unloading 0 Unused Serialized files (Serialized files now loaded: 0)
Unloading 0 unused Assets to reduce memory usage. Loaded Objects now: 397088.
Total: 349.770300 ms (FindLiveObjects: 37.745100 ms CreateObjectMapping: 66.217300 ms MarkObjects: 243.445300 ms  DeleteObjects: 2.362000 ms)

Unloading 9 Unused Serialized files (Serialized files now loaded: 0)
[PhysX] Initialized MultithreadedTaskDispatcher with 4 workers.
UnloadTime: 22.984700 ms
Unloading 67 unused Assets to reduce memory usage. Loaded Objects now: 391442.
Total: 456.081400 ms (FindLiveObjects: 38.721900 ms CreateObjectMapping: 87.577400 ms MarkObjects: 326.175400 ms  DeleteObjects: 3.606000 ms)

Unloading 0 Unused Serialized files (Serialized files now loaded: 0)
Unloading 10564 unused Assets to reduce memory usage. Loaded Objects now: 400364.
Total: 459.352100 ms (FindLiveObjects: 51.854200 ms CreateObjectMapping: 69.973500 ms MarkObjects: 326.759000 ms  DeleteObjects: 10.764900 ms)

Unloading 7 Unused Serialized files (Serialized files now loaded: 0)
[PhysX] Initialized MultithreadedTaskDispatcher with 4 workers.
UnloadTime: 27.577700 ms
Unloading 36 unused Assets to reduce memory usage. Loaded Objects now: 388868.
Total: 404.370600 ms (FindLiveObjects: 36.907000 ms CreateObjectMapping: 68.713900 ms MarkObjects: 296.428800 ms  DeleteObjects: 2.320600 ms)

Unloading 0 Unused Serialized files (Serialized files now loaded: 0)
Unloading 0 unused Assets to reduce memory usage. Loaded Objects now: 389902.
Total: 403.478500 ms (FindLiveObjects: 34.280600 ms CreateObjectMapping: 66.604400 ms MarkObjects: 300.356800 ms  DeleteObjects: 2.236200 ms)

Unloading 9 Unused Serialized files (Serialized files now loaded: 0)
[PhysX] Initialized MultithreadedTaskDispatcher with 4 workers.
UnloadTime: 14.306000 ms
Unloading 15 unused Assets to reduce memory usage. Loaded Objects now: 397020.
Total: 367.661400 ms (FindLiveObjects: 36.012500 ms CreateObjectMapping: 72.430400 ms MarkObjects: 256.939300 ms  DeleteObjects: 2.279000 ms)

Unloading 0 Unused Serialized files (Serialized files now loaded: 0)
Unloading 28 unused Assets to reduce memory usage. Loaded Objects now: 398046.
Total: 409.841000 ms (FindLiveObjects: 37.726800 ms CreateObjectMapping: 71.446700 ms MarkObjects: 298.474800 ms  DeleteObjects: 2.192500 ms)

Unloading 9 Unused Serialized files (Serialized files now loaded: 0)
[PhysX] Initialized MultithreadedTaskDispatcher with 4 workers.
UnloadTime: 21.406500 ms
Unloading 24 unused Assets to reduce memory usage. Loaded Objects now: 391447.
Total: 420.702200 ms (FindLiveObjects: 35.864100 ms CreateObjectMapping: 68.238900 ms MarkObjects: 314.128700 ms  DeleteObjects: 2.470200 ms)

Unloading 0 Unused Serialized files (Serialized files now loaded: 0)
Unloading 29898 unused Assets to reduce memory usage. Loaded Objects now: 400474.
Total: 444.854600 ms (FindLiveObjects: 49.495200 ms CreateObjectMapping: 74.352700 ms MarkObjects: 292.242100 ms  DeleteObjects: 28.764100 ms)

Unloading 7 Unused Serialized files (Serialized files now loaded: 0)
[PhysX] Initialized MultithreadedTaskDispatcher with 4 workers.
UnloadTime: 28.764200 ms
Unloading 36 unused Assets to reduce memory usage. Loaded Objects now: 388860.
Total: 409.100400 ms (FindLiveObjects: 34.005200 ms CreateObjectMapping: 67.313400 ms MarkObjects: 305.060600 ms  DeleteObjects: 2.721000 ms)

Unloading 0 Unused Serialized files (Serialized files now loaded: 0)
Unloading 0 unused Assets to reduce memory usage. Loaded Objects now: 389370.
Total: 455.380700 ms (FindLiveObjects: 38.849200 ms CreateObjectMapping: 69.416900 ms MarkObjects: 344.559900 ms  DeleteObjects: 2.554100 ms)

Unloading 9 Unused Serialized files (Serialized files now loaded: 0)
[PhysX] Initialized MultithreadedTaskDispatcher with 4 workers.
UnloadTime: 13.136600 ms
Unloading 15 unused Assets to reduce memory usage. Loaded Objects now: 397012.
Total: 398.637900 ms (FindLiveObjects: 36.329800 ms CreateObjectMapping: 65.413300 ms MarkObjects: 294.762400 ms  DeleteObjects: 2.132000 ms)

Unloading 0 Unused Serialized files (Serialized files now loaded: 0)
Unloading 0 unused Assets to reduce memory usage. Loaded Objects now: 398081.
Total: 430.320700 ms (FindLiveObjects: 42.817700 ms CreateObjectMapping: 69.134900 ms MarkObjects: 316.341500 ms  DeleteObjects: 2.026300 ms)

Unloading 9 Unused Serialized files (Serialized files now loaded: 0)
[PhysX] Initialized MultithreadedTaskDispatcher with 4 workers.
UnloadTime: 22.429500 ms
Unloading 25 unused Assets to reduce memory usage. Loaded Objects now: 391451.
Total: 388.517200 ms (FindLiveObjects: 34.527700 ms CreateObjectMapping: 65.099400 ms MarkObjects: 286.945400 ms  DeleteObjects: 1.944400 ms)

Unloading 0 Unused Serialized files (Serialized files now loaded: 0)
Unloading 92419 unused Assets to reduce memory usage. Loaded Objects now: 397747.
Total: 548.188100 ms (FindLiveObjects: 62.398700 ms CreateObjectMapping: 88.281700 ms MarkObjects: 311.287700 ms  DeleteObjects: 86.219600 ms)

Unloading 7 Unused Serialized files (Serialized files now loaded: 0)
[PhysX] Initialized MultithreadedTaskDispatcher with 4 workers.
UnloadTime: 23.672900 ms
Unloading 36 unused Assets to reduce memory usage. Loaded Objects now: 388862.
Total: 448.052000 ms (FindLiveObjects: 34.734900 ms CreateObjectMapping: 69.017500 ms MarkObjects: 341.565500 ms  DeleteObjects: 2.733800 ms)

Unloading 0 Unused Serialized files (Serialized files now loaded: 0)
Unloading 0 unused Assets to reduce memory usage. Loaded Objects now: 389900.
Total: 445.687800 ms (FindLiveObjects: 39.373700 ms CreateObjectMapping: 69.619700 ms MarkObjects: 334.377000 ms  DeleteObjects: 2.317100 ms)

Unloading 9 Unused Serialized files (Serialized files now loaded: 0)
[PhysX] Initialized MultithreadedTaskDispatcher with 4 workers.
UnloadTime: 14.199600 ms
Unloading 15 unused Assets to reduce memory usage. Loaded Objects now: 397014.
Total: 421.739600 ms (FindLiveObjects: 35.688200 ms CreateObjectMapping: 68.879200 ms MarkObjects: 314.843400 ms  DeleteObjects: 2.328400 ms)

Unloading 0 Unused Serialized files (Serialized files now loaded: 0)
Unloading 0 unused Assets to reduce memory usage. Loaded Objects now: 397079.
Total: 437.347700 ms (FindLiveObjects: 38.761500 ms CreateObjectMapping: 69.793400 ms MarkObjects: 326.769100 ms  DeleteObjects: 2.022600 ms)

Unloading 9 Unused Serialized files (Serialized files now loaded: 0)
[PhysX] Initialized MultithreadedTaskDispatcher with 4 workers.
UnloadTime: 22.344000 ms
Unloading 27 unused Assets to reduce memory usage. Loaded Objects now: 391451.
Total: 415.264700 ms (FindLiveObjects: 35.080300 ms CreateObjectMapping: 70.939300 ms MarkObjects: 306.667500 ms  DeleteObjects: 2.577200 ms)

Unloading 0 Unused Serialized files (Serialized files now loaded: 0)
Unloading 23852 unused Assets to reduce memory usage. Loaded Objects now: 402479.
Total: 442.633500 ms (FindLiveObjects: 45.999100 ms CreateObjectMapping: 70.732700 ms MarkObjects: 304.915900 ms  DeleteObjects: 20.985400 ms)

Unloading 9 Unused Serialized files (Serialized files now loaded: 0)
[PhysX] Initialized MultithreadedTaskDispatcher with 4 workers.
UnloadTime: 32.939200 ms
Unloading 14 unused Assets to reduce memory usage. Loaded Objects now: 397010.
Total: 371.521800 ms (FindLiveObjects: 38.187200 ms CreateObjectMapping: 70.918000 ms MarkObjects: 260.388600 ms  DeleteObjects: 2.027600 ms)

Unloading 0 Unused Serialized files (Serialized files now loaded: 0)
Unloading 0 unused Assets to reduce memory usage. Loaded Objects now: 397075.
Total: 449.531700 ms (FindLiveObjects: 36.318600 ms CreateObjectMapping: 71.612400 ms MarkObjects: 339.477500 ms  DeleteObjects: 2.122800 ms)

Unloading 9 Unused Serialized files (Serialized files now loaded: 0)
[PhysX] Initialized MultithreadedTaskDispatcher with 4 workers.
UnloadTime: 25.179700 ms
Unloading 30 unused Assets to reduce memory usage. Loaded Objects now: 391444.
Total: 428.512500 ms (FindLiveObjects: 37.322100 ms CreateObjectMapping: 70.801000 ms MarkObjects: 317.758400 ms  DeleteObjects: 2.630300 ms)

Unloading 0 Unused Serialized files (Serialized files now loaded: 0)
Unloading 70643 unused Assets to reduce memory usage. Loaded Objects now: 403126.
Total: 518.500500 ms (FindLiveObjects: 53.349100 ms CreateObjectMapping: 83.516700 ms MarkObjects: 325.217600 ms  DeleteObjects: 56.416700 ms)

Unloading 9 Unused Serialized files (Serialized files now loaded: 0)
[PhysX] Initialized MultithreadedTaskDispatcher with 4 workers.
UnloadTime: 33.573800 ms
Unloading 25 unused Assets to reduce memory usage. Loaded Objects now: 397035.
Total: 450.919200 ms (FindLiveObjects: 40.782900 ms CreateObjectMapping: 70.873200 ms MarkObjects: 337.209700 ms  DeleteObjects: 2.053300 ms)

Unloading 0 Unused Serialized files (Serialized files now loaded: 0)
Unloading 0 unused Assets to reduce memory usage. Loaded Objects now: 397100.
Total: 412.288000 ms (FindLiveObjects: 34.778800 ms CreateObjectMapping: 65.979100 ms MarkObjects: 309.389600 ms  DeleteObjects: 2.140000 ms)

Unloading 9 Unused Serialized files (Serialized files now loaded: 0)
[PhysX] Initialized MultithreadedTaskDispatcher with 4 workers.
UnloadTime: 19.136600 ms
Unloading 55 unused Assets to reduce memory usage. Loaded Objects now: 391444.
Total: 413.097400 ms (FindLiveObjects: 34.061200 ms CreateObjectMapping: 64.110800 ms MarkObjects: 312.353700 ms  DeleteObjects: 2.571300 ms)

Unloading 0 Unused Serialized files (Serialized files now loaded: 0)
Unloading 59500 unused Assets to reduce memory usage. Loaded Objects now: 397014.
Total: 489.589800 ms (FindLiveObjects: 56.923400 ms CreateObjectMapping: 75.785500 ms MarkObjects: 303.213900 ms  DeleteObjects: 53.666700 ms)

Unloading 7 Unused Serialized files (Serialized files now loaded: 0)
[PhysX] Initialized MultithreadedTaskDispatcher with 4 workers.
UnloadTime: 20.503900 ms
Unloading 34 unused Assets to reduce memory usage. Loaded Objects now: 388876.
Total: 414.533800 ms (FindLiveObjects: 32.835800 ms CreateObjectMapping: 66.479400 ms MarkObjects: 312.811600 ms  DeleteObjects: 2.406800 ms)

Unloading 0 Unused Serialized files (Serialized files now loaded: 0)
Unloading 0 unused Assets to reduce memory usage. Loaded Objects now: 389832.
Total: 405.597400 ms (FindLiveObjects: 38.002100 ms CreateObjectMapping: 65.435900 ms MarkObjects: 299.776900 ms  DeleteObjects: 2.382100 ms)

Unloading 9 Unused Serialized files (Serialized files now loaded: 0)
[PhysX] Initialized MultithreadedTaskDispatcher with 4 workers.
UnloadTime: 13.593600 ms
Unloading 15 unused Assets to reduce memory usage. Loaded Objects now: 397028.
Total: 427.642500 ms (FindLiveObjects: 34.416800 ms CreateObjectMapping: 66.886400 ms MarkObjects: 324.317800 ms  DeleteObjects: 2.021200 ms)

Unloading 0 Unused Serialized files (Serialized files now loaded: 0)
Unloading 0 unused Assets to reduce memory usage. Loaded Objects now: 397150.
Total: 426.907600 ms (FindLiveObjects: 34.906600 ms CreateObjectMapping: 66.771000 ms MarkObjects: 323.233600 ms  DeleteObjects: 1.996100 ms)

Unloading 8 Unused Serialized files (Serialized files now loaded: 0)
[PhysX] Initialized MultithreadedTaskDispatcher with 4 workers.
UnloadTime: 18.400300 ms
Unloading 74 unused Assets to reduce memory usage. Loaded Objects now: 389551.
Total: 407.892400 ms (FindLiveObjects: 35.230800 ms CreateObjectMapping: 66.726600 ms MarkObjects: 303.401700 ms  DeleteObjects: 2.533000 ms)

Unloading 0 Unused Serialized files (Serialized files now loaded: 0)
Unloading 0 unused Assets to reduce memory usage. Loaded Objects now: 393368.
Total: 417.159600 ms (FindLiveObjects: 35.415700 ms CreateObjectMapping: 65.271600 ms MarkObjects: 314.089400 ms  DeleteObjects: 2.382500 ms)

Unloading 9 Unused Serialized files (Serialized files now loaded: 0)
[PhysX] Initialized MultithreadedTaskDispatcher with 4 workers.
UnloadTime: 16.405100 ms
Unloading 9 unused Assets to reduce memory usage. Loaded Objects now: 397017.
Total: 390.049900 ms (FindLiveObjects: 35.080500 ms CreateObjectMapping: 64.830700 ms MarkObjects: 288.054800 ms  DeleteObjects: 2.083700 ms)

Unloading 0 Unused Serialized files (Serialized files now loaded: 0)
Unloading 0 unused Assets to reduce memory usage. Loaded Objects now: 398065.
Total: 357.311800 ms (FindLiveObjects: 38.036500 ms CreateObjectMapping: 72.476200 ms MarkObjects: 244.560900 ms  DeleteObjects: 2.237800 ms)

Unloading 9 Unused Serialized files (Serialized files now loaded: 0)
[PhysX] Initialized MultithreadedTaskDispatcher with 4 workers.
UnloadTime: 21.705200 ms
Unloading 25 unused Assets to reduce memory usage. Loaded Objects now: 391449.
Total: 413.644100 ms (FindLiveObjects: 35.921900 ms CreateObjectMapping: 67.982600 ms MarkObjects: 306.889500 ms  DeleteObjects: 2.849800 ms)

Unloading 0 Unused Serialized files (Serialized files now loaded: 0)
Unloading 13717 unused Assets to reduce memory usage. Loaded Objects now: 399351.
Total: 442.579900 ms (FindLiveObjects: 44.730300 ms CreateObjectMapping: 72.903900 ms MarkObjects: 311.666700 ms  DeleteObjects: 13.278800 ms)

Unloading 9 Unused Serialized files (Serialized files now loaded: 0)
[PhysX] Initialized MultithreadedTaskDispatcher with 4 workers.
UnloadTime: 25.305600 ms
Unloading 14 unused Assets to reduce memory usage. Loaded Objects now: 397008.
Total: 405.008000 ms (FindLiveObjects: 35.555700 ms CreateObjectMapping: 67.698800 ms MarkObjects: 298.846400 ms  DeleteObjects: 2.906800 ms)

Unloading 0 Unused Serialized files (Serialized files now loaded: 0)
Unloading 0 unused Assets to reduce memory usage. Loaded Objects now: 397073.
Total: 399.065700 ms (FindLiveObjects: 36.468500 ms CreateObjectMapping: 64.820700 ms MarkObjects: 295.541400 ms  DeleteObjects: 2.234700 ms)

Unloading 9 Unused Serialized files (Serialized files now loaded: 0)
[PhysX] Initialized MultithreadedTaskDispatcher with 4 workers.
UnloadTime: 20.312800 ms
Unloading 41 unused Assets to reduce memory usage. Loaded Objects now: 391431.
Total: 395.162600 ms (FindLiveObjects: 33.660200 ms CreateObjectMapping: 64.678900 ms MarkObjects: 294.590900 ms  DeleteObjects: 2.232200 ms)

Unloading 0 Unused Serialized files (Serialized files now loaded: 0)
Unloading 13586 unused Assets to reduce memory usage. Loaded Objects now: 399633.
Total: 443.899300 ms (FindLiveObjects: 43.561900 ms CreateObjectMapping: 70.640200 ms MarkObjects: 316.543300 ms  DeleteObjects: 13.153300 ms)

Unloading 9 Unused Serialized files (Serialized files now loaded: 0)
[PhysX] Initialized MultithreadedTaskDispatcher with 4 workers.
UnloadTime: 21.820800 ms
Unloading 14 unused Assets to reduce memory usage. Loaded Objects now: 397025.
Total: 328.352200 ms (FindLiveObjects: 36.042400 ms CreateObjectMapping: 66.435100 ms MarkObjects: 223.675200 ms  DeleteObjects: 2.199400 ms)

Unloading 0 Unused Serialized files (Serialized files now loaded: 0)
Unloading 0 unused Assets to reduce memory usage. Loaded Objects now: 397090.
Total: 319.693100 ms (FindLiveObjects: 35.386300 ms CreateObjectMapping: 64.385800 ms MarkObjects: 217.840400 ms  DeleteObjects: 2.080400 ms)

Unloading 9 Unused Serialized files (Serialized files now loaded: 0)
[PhysX] Initialized MultithreadedTaskDispatcher with 4 workers.
UnloadTime: 19.829400 ms
Unloading 58 unused Assets to reduce memory usage. Loaded Objects now: 391431.
Total: 388.188600 ms (FindLiveObjects: 35.290400 ms CreateObjectMapping: 66.091000 ms MarkObjects: 284.758900 ms  DeleteObjects: 2.047900 ms)

Unloading 0 Unused Serialized files (Serialized files now loaded: 0)
Unloading 22349 unused Assets to reduce memory usage. Loaded Objects now: 400916.
Total: 437.149600 ms (FindLiveObjects: 45.112900 ms CreateObjectMapping: 69.599300 ms MarkObjects: 304.256400 ms  DeleteObjects: 18.180600 ms)

Unloading 9 Unused Serialized files (Serialized files now loaded: 0)
[PhysX] Initialized MultithreadedTaskDispatcher with 4 workers.
UnloadTime: 26.244200 ms
Unloading 14 unused Assets to reduce memory usage. Loaded Objects now: 397041.
Total: 406.616400 ms (FindLiveObjects: 34.247200 ms CreateObjectMapping: 65.336600 ms MarkObjects: 305.012700 ms  DeleteObjects: 2.019400 ms)

Unloading 0 Unused Serialized files (Serialized files now loaded: 0)
Unloading 0 unused Assets to reduce memory usage. Loaded Objects now: 397106.
Total: 438.810200 ms (FindLiveObjects: 37.410200 ms CreateObjectMapping: 67.590400 ms MarkObjects: 331.661500 ms  DeleteObjects: 2.147700 ms)

Unloading 9 Unused Serialized files (Serialized files now loaded: 0)
[PhysX] Initialized MultithreadedTaskDispatcher with 4 workers.
UnloadTime: 25.637600 ms
Unloading 74 unused Assets to reduce memory usage. Loaded Objects now: 391431.
Total: 422.043800 ms (FindLiveObjects: 34.862100 ms CreateObjectMapping: 70.602600 ms MarkObjects: 314.400400 ms  DeleteObjects: 2.178100 ms)

Unloading 0 Unused Serialized files (Serialized files now loaded: 0)
Unloading 16342 unused Assets to reduce memory usage. Loaded Objects now: 401347.
Total: 437.016900 ms (FindLiveObjects: 46.754100 ms CreateObjectMapping: 74.455900 ms MarkObjects: 302.407500 ms  DeleteObjects: 13.399000 ms)

Unloading 8 Unused Serialized files (Serialized files now loaded: 0)
[PhysX] Initialized MultithreadedTaskDispatcher with 4 workers.
UnloadTime: 24.643200 ms
Unloading 34 unused Assets to reduce memory usage. Loaded Objects now: 389068.
Total: 415.956100 ms (FindLiveObjects: 34.030800 ms CreateObjectMapping: 68.799400 ms MarkObjects: 310.954100 ms  DeleteObjects: 2.171500 ms)

Unloading 0 Unused Serialized files (Serialized files now loaded: 0)
Unloading 0 unused Assets to reduce memory usage. Loaded Objects now: 389092.
Total: 410.708100 ms (FindLiveObjects: 35.271000 ms CreateObjectMapping: 67.825200 ms MarkObjects: 305.414400 ms  DeleteObjects: 2.197100 ms)

Unloading 7 Unused Serialized files (Serialized files now loaded: 0)
[PhysX] Initialized MultithreadedTaskDispatcher with 4 workers.
UnloadTime: 10.337400 ms
Unloading 13 unused Assets to reduce memory usage. Loaded Objects now: 387138.
Total: 437.327300 ms (FindLiveObjects: 35.834600 ms CreateObjectMapping: 70.195300 ms MarkObjects: 329.006000 ms  DeleteObjects: 2.291200 ms)

Unloading 1 Unused Serialized files (Serialized files now loaded: 0)
Unloading 1 unused Assets to reduce memory usage. Loaded Objects now: 387157.
Total: 446.163100 ms (FindLiveObjects: 35.160800 ms CreateObjectMapping: 71.590000 ms MarkObjects: 336.586600 ms  DeleteObjects: 2.825200 ms)

Unloading 7 Unused Serialized files (Serialized files now loaded: 0)
[PhysX] Initialized MultithreadedTaskDispatcher with 4 workers.
UnloadTime: 10.963600 ms
Unloading 131 unused Assets to reduce memory usage. Loaded Objects now: 403439.
Total: 407.437400 ms (FindLiveObjects: 38.134200 ms CreateObjectMapping: 71.975300 ms MarkObjects: 295.133700 ms  DeleteObjects: 2.193800 ms)

Unloading 0 Unused Serialized files (Serialized files now loaded: 0)
Unloading 0 unused Assets to reduce memory usage. Loaded Objects now: 408291.
Total: 413.389100 ms (FindLiveObjects: 37.509000 ms CreateObjectMapping: 66.205600 ms MarkObjects: 307.638100 ms  DeleteObjects: 2.036100 ms)

Unloading 6 Unused Serialized files (Serialized files now loaded: 0)
[PhysX] Initialized MultithreadedTaskDispatcher with 4 workers.
UnloadTime: 35.455500 ms
Unloading 44 unused Assets to reduce memory usage. Loaded Objects now: 384593.
Total: 431.537600 ms (FindLiveObjects: 34.825500 ms CreateObjectMapping: 73.220400 ms MarkObjects: 321.368600 ms  DeleteObjects: 2.122800 ms)

Unloading 0 Unused Serialized files (Serialized files now loaded: 0)
Unloading 0 unused Assets to reduce memory usage. Loaded Objects now: 384593.
Total: 419.298000 ms (FindLiveObjects: 34.099400 ms CreateObjectMapping: 70.347200 ms MarkObjects: 312.149900 ms  DeleteObjects: 2.701100 ms)

Unloading 5 Unused Serialized files (Serialized files now loaded: 0)
[PhysX] Initialized MultithreadedTaskDispatcher with 4 workers.
UnloadTime: 7.981300 ms
Unloading 39 unused Assets to reduce memory usage. Loaded Objects now: 384734.
Total: 437.421000 ms (FindLiveObjects: 33.270500 ms CreateObjectMapping: 70.207900 ms MarkObjects: 331.907300 ms  DeleteObjects: 2.035000 ms)

Unloading 0 Unused Serialized files (Serialized files now loaded: 0)
Unloading 0 unused Assets to reduce memory usage. Loaded Objects now: 384734.
Total: 439.528900 ms (FindLiveObjects: 37.165300 ms CreateObjectMapping: 72.096200 ms MarkObjects: 327.990100 ms  DeleteObjects: 2.276900 ms)

Unloading 9 Unused Serialized files (Serialized files now loaded: 0)
[PhysX] Initialized MultithreadedTaskDispatcher with 4 workers.
UnloadTime: 7.630800 ms
Unloading 2 unused Assets to reduce memory usage. Loaded Objects now: 397019.
Total: 367.689200 ms (FindLiveObjects: 37.490300 ms CreateObjectMapping: 72.280900 ms MarkObjects: 255.860700 ms  DeleteObjects: 2.057000 ms)

Unloading 0 Unused Serialized files (Serialized files now loaded: 0)
Unloading 0 unused Assets to reduce memory usage. Loaded Objects now: 397062.
Total: 348.303100 ms (FindLiveObjects: 35.439300 ms CreateObjectMapping: 63.865000 ms MarkObjects: 247.153900 ms  DeleteObjects: 1.844400 ms)

Unloading 9 Unused Serialized files (Serialized files now loaded: 0)
[PhysX] Initialized MultithreadedTaskDispatcher with 4 workers.
UnloadTime: 20.232700 ms
Unloading 32 unused Assets to reduce memory usage. Loaded Objects now: 392335.
Total: 428.858900 ms (FindLiveObjects: 35.195300 ms CreateObjectMapping: 72.472800 ms MarkObjects: 318.989600 ms  DeleteObjects: 2.200700 ms)

Unloading 0 Unused Serialized files (Serialized files now loaded: 0)
Unloading 829 unused Assets to reduce memory usage. Loaded Objects now: 404938.
Total: 448.749800 ms (FindLiveObjects: 38.244400 ms CreateObjectMapping: 70.939000 ms MarkObjects: 336.588300 ms  DeleteObjects: 2.977700 ms)

Unloading 7 Unused Serialized files (Serialized files now loaded: 0)
[PhysX] Initialized MultithreadedTaskDispatcher with 4 workers.
UnloadTime: 32.090500 ms
Unloading 204 unused Assets to reduce memory usage. Loaded Objects now: 387121.
Total: 450.304000 ms (FindLiveObjects: 36.373300 ms CreateObjectMapping: 70.199500 ms MarkObjects: 340.895300 ms  DeleteObjects: 2.835300 ms)

Unloading 1 Unused Serialized files (Serialized files now loaded: 0)
Unloading 1 unused Assets to reduce memory usage. Loaded Objects now: 387137.
Total: 415.720000 ms (FindLiveObjects: 34.501200 ms CreateObjectMapping: 69.228000 ms MarkObjects: 309.602700 ms  DeleteObjects: 2.387600 ms)

Unloading 7 Unused Serialized files (Serialized files now loaded: 0)
[PhysX] Initialized MultithreadedTaskDispatcher with 4 workers.
UnloadTime: 10.683600 ms
Unloading 131 unused Assets to reduce memory usage. Loaded Objects now: 403419.
Total: 417.252900 ms (FindLiveObjects: 37.678300 ms CreateObjectMapping: 70.414400 ms MarkObjects: 306.839300 ms  DeleteObjects: 2.320600 ms)

Unloading 0 Unused Serialized files (Serialized files now loaded: 0)
Unloading 0 unused Assets to reduce memory usage. Loaded Objects now: 408271.
Total: 404.688600 ms (FindLiveObjects: 36.249100 ms CreateObjectMapping: 66.094800 ms MarkObjects: 300.162500 ms  DeleteObjects: 2.181700 ms)

Unloading 6 Unused Serialized files (Serialized files now loaded: 0)
[PhysX] Initialized MultithreadedTaskDispatcher with 4 workers.
UnloadTime: 34.273600 ms
Unloading 44 unused Assets to reduce memory usage. Loaded Objects now: 384573.
Total: 418.747800 ms (FindLiveObjects: 33.914600 ms CreateObjectMapping: 70.961000 ms MarkObjects: 311.683300 ms  DeleteObjects: 2.188200 ms)

Unloading 0 Unused Serialized files (Serialized files now loaded: 0)
Unloading 0 unused Assets to reduce memory usage. Loaded Objects now: 384573.
Total: 455.668300 ms (FindLiveObjects: 33.626200 ms CreateObjectMapping: 68.452900 ms MarkObjects: 351.275900 ms  DeleteObjects: 2.312900 ms)

Unloading 5 Unused Serialized files (Serialized files now loaded: 0)
[PhysX] Initialized MultithreadedTaskDispatcher with 4 workers.
UnloadTime: 7.908700 ms
Unloading 39 unused Assets to reduce memory usage. Loaded Objects now: 384714.
Total: 426.576900 ms (FindLiveObjects: 35.946000 ms CreateObjectMapping: 71.705700 ms MarkObjects: 316.914200 ms  DeleteObjects: 2.010600 ms)

Unloading 0 Unused Serialized files (Serialized files now loaded: 0)
Unloading 0 unused Assets to reduce memory usage. Loaded Objects now: 384714.
Total: 414.817800 ms (FindLiveObjects: 37.468000 ms CreateObjectMapping: 70.281900 ms MarkObjects: 305.011300 ms  DeleteObjects: 2.056400 ms)

Unloading 9 Unused Serialized files (Serialized files now loaded: 0)
[PhysX] Initialized MultithreadedTaskDispatcher with 4 workers.
UnloadTime: 7.070300 ms
Unloading 2 unused Assets to reduce memory usage. Loaded Objects now: 396999.
Total: 395.920100 ms (FindLiveObjects: 37.836100 ms CreateObjectMapping: 68.802300 ms MarkObjects: 287.239100 ms  DeleteObjects: 2.041900 ms)

Unloading 0 Unused Serialized files (Serialized files now loaded: 0)
Unloading 0 unused Assets to reduce memory usage. Loaded Objects now: 397042.
Total: 393.451000 ms (FindLiveObjects: 34.987200 ms CreateObjectMapping: 68.876000 ms MarkObjects: 287.409300 ms  DeleteObjects: 2.178000 ms)

Unloading 9 Unused Serialized files (Serialized files now loaded: 0)
[PhysX] Initialized MultithreadedTaskDispatcher with 4 workers.
UnloadTime: 19.455600 ms
Unloading 27 unused Assets to reduce memory usage. Loaded Objects now: 392320.
Total: 422.185100 ms (FindLiveObjects: 34.383400 ms CreateObjectMapping: 66.456400 ms MarkObjects: 319.361400 ms  DeleteObjects: 1.983400 ms)

Unloading 0 Unused Serialized files (Serialized files now loaded: 0)
Unloading 15622 unused Assets to reduce memory usage. Loaded Objects now: 396964.
Total: 460.026600 ms (FindLiveObjects: 55.430000 ms CreateObjectMapping: 72.242900 ms MarkObjects: 317.960300 ms  DeleteObjects: 14.393300 ms)

Unloading 7 Unused Serialized files (Serialized files now loaded: 0)
[PhysX] Initialized MultithreadedTaskDispatcher with 4 workers.
UnloadTime: 19.587100 ms
Unloading 200 unused Assets to reduce memory usage. Loaded Objects now: 388843.
Total: 404.382700 ms (FindLiveObjects: 33.569400 ms CreateObjectMapping: 67.352100 ms MarkObjects: 300.460700 ms  DeleteObjects: 3.000200 ms)

Unloading 0 Unused Serialized files (Serialized files now loaded: 0)
Unloading 162 unused Assets to reduce memory usage. Loaded Objects now: 389799.
Total: 407.083100 ms (FindLiveObjects: 35.495200 ms CreateObjectMapping: 65.263700 ms MarkObjects: 303.716200 ms  DeleteObjects: 2.607400 ms)

Unloading 9 Unused Serialized files (Serialized files now loaded: 0)
[PhysX] Initialized MultithreadedTaskDispatcher with 4 workers.
UnloadTime: 11.532500 ms
Unloading 15 unused Assets to reduce memory usage. Loaded Objects now: 392318.
Total: 418.380900 ms (FindLiveObjects: 36.678900 ms CreateObjectMapping: 69.340800 ms MarkObjects: 309.835800 ms  DeleteObjects: 2.524700 ms)

Unloading 0 Unused Serialized files (Serialized files now loaded: 0)
Unloading 2702 unused Assets to reduce memory usage. Loaded Objects now: 396964.
Total: 463.724600 ms (FindLiveObjects: 47.172400 ms CreateObjectMapping: 77.192800 ms MarkObjects: 333.809300 ms  DeleteObjects: 5.549900 ms)

Unloading 7 Unused Serialized files (Serialized files now loaded: 0)
[PhysX] Initialized MultithreadedTaskDispatcher with 4 workers.
UnloadTime: 21.077200 ms
Unloading 200 unused Assets to reduce memory usage. Loaded Objects now: 388843.
Total: 380.454800 ms (FindLiveObjects: 36.310800 ms CreateObjectMapping: 65.666300 ms MarkObjects: 276.039200 ms  DeleteObjects: 2.438300 ms)

Unloading 0 Unused Serialized files (Serialized files now loaded: 0)
Unloading 126 unused Assets to reduce memory usage. Loaded Objects now: 389799.
Total: 410.454900 ms (FindLiveObjects: 37.494800 ms CreateObjectMapping: 70.970500 ms MarkObjects: 299.648900 ms  DeleteObjects: 2.340500 ms)

Unloading 9 Unused Serialized files (Serialized files now loaded: 0)
[PhysX] Initialized MultithreadedTaskDispatcher with 4 workers.
UnloadTime: 11.667300 ms
Unloading 15 unused Assets to reduce memory usage. Loaded Objects now: 392318.
Total: 431.590300 ms (FindLiveObjects: 35.173700 ms CreateObjectMapping: 68.311000 ms MarkObjects: 326.005100 ms  DeleteObjects: 2.100100 ms)

Unloading 0 Unused Serialized files (Serialized files now loaded: 0)
Unloading 3998 unused Assets to reduce memory usage. Loaded Objects now: 392355.
Total: 437.912800 ms (FindLiveObjects: 38.386300 ms CreateObjectMapping: 76.267900 ms MarkObjects: 318.419200 ms  DeleteObjects: 4.839200 ms)

Unloading 9 Unused Serialized files (Serialized files now loaded: 0)
[PhysX] Initialized MultithreadedTaskDispatcher with 4 workers.
UnloadTime: 14.494400 ms
Unloading 184 unused Assets to reduce memory usage. Loaded Objects now: 396995.
Total: 391.911400 ms (FindLiveObjects: 37.664600 ms CreateObjectMapping: 72.823800 ms MarkObjects: 277.893600 ms  DeleteObjects: 3.528600 ms)

Unloading 0 Unused Serialized files (Serialized files now loaded: 0)
Unloading 0 unused Assets to reduce memory usage. Loaded Objects now: 397038.
Total: 407.761700 ms (FindLiveObjects: 35.886300 ms CreateObjectMapping: 72.442500 ms MarkObjects: 297.177400 ms  DeleteObjects: 2.255100 ms)

Unloading 9 Unused Serialized files (Serialized files now loaded: 0)
[PhysX] Initialized MultithreadedTaskDispatcher with 4 workers.
UnloadTime: 23.459300 ms
Unloading 58 unused Assets to reduce memory usage. Loaded Objects now: 391401.
Total: 393.838700 ms (FindLiveObjects: 37.705400 ms CreateObjectMapping: 68.735500 ms MarkObjects: 285.060300 ms  DeleteObjects: 2.337200 ms)

Unloading 0 Unused Serialized files (Serialized files now loaded: 0)
Unloading 6457 unused Assets to reduce memory usage. Loaded Objects now: 400339.
Total: 402.625500 ms (FindLiveObjects: 42.381800 ms CreateObjectMapping: 66.052200 ms MarkObjects: 286.002300 ms  DeleteObjects: 8.188900 ms)

Unloading 7 Unused Serialized files (Serialized files now loaded: 0)
[PhysX] Initialized MultithreadedTaskDispatcher with 4 workers.
UnloadTime: 26.937300 ms
Unloading 34 unused Assets to reduce memory usage. Loaded Objects now: 388820.
Total: 385.823000 ms (FindLiveObjects: 35.095300 ms CreateObjectMapping: 66.170700 ms MarkObjects: 282.162000 ms  DeleteObjects: 2.394700 ms)

Unloading 0 Unused Serialized files (Serialized files now loaded: 0)
Unloading 0 unused Assets to reduce memory usage. Loaded Objects now: 390230.
Total: 431.673200 ms (FindLiveObjects: 44.293000 ms CreateObjectMapping: 82.416300 ms MarkObjects: 302.816800 ms  DeleteObjects: 2.146600 ms)

Unloading 9 Unused Serialized files (Serialized files now loaded: 0)
[PhysX] Initialized MultithreadedTaskDispatcher with 4 workers.
UnloadTime: 13.754400 ms
Unloading 15 unused Assets to reduce memory usage. Loaded Objects now: 396972.
Total: 379.823700 ms (FindLiveObjects: 38.798200 ms CreateObjectMapping: 65.425200 ms MarkObjects: 273.238300 ms  DeleteObjects: 2.361500 ms)

Unloading 0 Unused Serialized files (Serialized files now loaded: 0)
Unloading 0 unused Assets to reduce memory usage. Loaded Objects now: 397015.
Total: 383.332700 ms (FindLiveObjects: 35.883800 ms CreateObjectMapping: 69.877100 ms MarkObjects: 275.557400 ms  DeleteObjects: 2.014200 ms)

Unloading 9 Unused Serialized files (Serialized files now loaded: 0)
[PhysX] Initialized MultithreadedTaskDispatcher with 4 workers.
UnloadTime: 21.194400 ms
Unloading 23 unused Assets to reduce memory usage. Loaded Objects now: 391413.
Total: 385.325700 ms (FindLiveObjects: 35.837300 ms CreateObjectMapping: 71.252000 ms MarkObjects: 276.210700 ms  DeleteObjects: 2.025300 ms)

Unloading 0 Unused Serialized files (Serialized files now loaded: 0)
Unloading 5273 unused Assets to reduce memory usage. Loaded Objects now: 396879.
Total: 391.699800 ms (FindLiveObjects: 35.452100 ms CreateObjectMapping: 66.657300 ms MarkObjects: 283.132000 ms  DeleteObjects: 6.458200 ms)

Unloading 7 Unused Serialized files (Serialized files now loaded: 0)
[PhysX] Initialized MultithreadedTaskDispatcher with 4 workers.
UnloadTime: 18.765000 ms
Unloading 34 unused Assets to reduce memory usage. Loaded Objects now: 388820.
Total: 388.240000 ms (FindLiveObjects: 33.269700 ms CreateObjectMapping: 66.160200 ms MarkObjects: 286.621800 ms  DeleteObjects: 2.188100 ms)

Unloading 0 Unused Serialized files (Serialized files now loaded: 0)
Unloading 0 unused Assets to reduce memory usage. Loaded Objects now: 389334.
Total: 398.050000 ms (FindLiveObjects: 34.320600 ms CreateObjectMapping: 68.184400 ms MarkObjects: 293.477800 ms  DeleteObjects: 2.066900 ms)

Unloading 9 Unused Serialized files (Serialized files now loaded: 0)
[PhysX] Initialized MultithreadedTaskDispatcher with 4 workers.
UnloadTime: 12.433800 ms
Unloading 15 unused Assets to reduce memory usage. Loaded Objects now: 396972.
Total: 383.822000 ms (FindLiveObjects: 35.416000 ms CreateObjectMapping: 68.411100 ms MarkObjects: 277.843100 ms  DeleteObjects: 2.151600 ms)

Unloading 0 Unused Serialized files (Serialized files now loaded: 0)
Unloading 0 unused Assets to reduce memory usage. Loaded Objects now: 397049.
Total: 388.624100 ms (FindLiveObjects: 34.732100 ms CreateObjectMapping: 67.383200 ms MarkObjects: 283.521400 ms  DeleteObjects: 2.987100 ms)

Unloading 8 Unused Serialized files (Serialized files now loaded: 0)
[PhysX] Initialized MultithreadedTaskDispatcher with 4 workers.
UnloadTime: 21.699200 ms
Unloading 61 unused Assets to reduce memory usage. Loaded Objects now: 389479.
Total: 406.785500 ms (FindLiveObjects: 38.581500 ms CreateObjectMapping: 66.891300 ms MarkObjects: 298.694400 ms  DeleteObjects: 2.617900 ms)

Unloading 0 Unused Serialized files (Serialized files now loaded: 0)
Unloading 0 unused Assets to reduce memory usage. Loaded Objects now: 392331.
Total: 405.836100 ms (FindLiveObjects: 35.913300 ms CreateObjectMapping: 68.132300 ms MarkObjects: 299.729100 ms  DeleteObjects: 2.061200 ms)

Unloading 8 Unused Serialized files (Serialized files now loaded: 0)
[PhysX] Initialized MultithreadedTaskDispatcher with 4 workers.
UnloadTime: 16.192500 ms
Unloading 3 unused Assets to reduce memory usage. Loaded Objects now: 389451.
Total: 398.229800 ms (FindLiveObjects: 36.398100 ms CreateObjectMapping: 71.658800 ms MarkObjects: 288.233200 ms  DeleteObjects: 1.939500 ms)

Unloading 0 Unused Serialized files (Serialized files now loaded: 0)
Unloading 0 unused Assets to reduce memory usage. Loaded Objects now: 392338.
Total: 388.072800 ms (FindLiveObjects: 35.791000 ms CreateObjectMapping: 68.031400 ms MarkObjects: 282.235400 ms  DeleteObjects: 2.014600 ms)

Unloading 9 Unused Serialized files (Serialized files now loaded: 0)
[PhysX] Initialized MultithreadedTaskDispatcher with 4 workers.
UnloadTime: 13.676900 ms
Unloading 9 unused Assets to reduce memory usage. Loaded Objects now: 396959.
Total: 370.807300 ms (FindLiveObjects: 36.764800 ms CreateObjectMapping: 64.644500 ms MarkObjects: 267.270600 ms  DeleteObjects: 2.126600 ms)

Unloading 0 Unused Serialized files (Serialized files now loaded: 0)
Unloading 0 unused Assets to reduce memory usage. Loaded Objects now: 398004.
Total: 409.598900 ms (FindLiveObjects: 40.459200 ms CreateObjectMapping: 72.723400 ms MarkObjects: 293.664000 ms  DeleteObjects: 2.751600 ms)

Unloading 9 Unused Serialized files (Serialized files now loaded: 0)
[PhysX] Initialized MultithreadedTaskDispatcher with 4 workers.
UnloadTime: 25.625300 ms
Unloading 25 unused Assets to reduce memory usage. Loaded Objects now: 391406.
Total: 430.902600 ms (FindLiveObjects: 37.128200 ms CreateObjectMapping: 76.261500 ms MarkObjects: 315.286700 ms  DeleteObjects: 2.226000 ms)

Unloading 0 Unused Serialized files (Serialized files now loaded: 0)
Unloading 26356 unused Assets to reduce memory usage. Loaded Objects now: 396902.
Total: 428.625800 ms (FindLiveObjects: 51.790400 ms CreateObjectMapping: 70.077000 ms MarkObjects: 284.628200 ms  DeleteObjects: 22.129800 ms)

Unloading 7 Unused Serialized files (Serialized files now loaded: 0)
[PhysX] Initialized MultithreadedTaskDispatcher with 4 workers.
UnloadTime: 21.942600 ms
Unloading 34 unused Assets to reduce memory usage. Loaded Objects now: 388834.
Total: 398.312400 ms (FindLiveObjects: 33.900700 ms CreateObjectMapping: 68.560800 ms MarkObjects: 293.292400 ms  DeleteObjects: 2.558300 ms)

Unloading 0 Unused Serialized files (Serialized files now loaded: 0)
Unloading 0 unused Assets to reduce memory usage. Loaded Objects now: 390250.
Total: 416.256100 ms (FindLiveObjects: 34.830900 ms CreateObjectMapping: 72.501000 ms MarkObjects: 306.596200 ms  DeleteObjects: 2.327800 ms)

Unloading 9 Unused Serialized files (Serialized files now loaded: 0)
[PhysX] Initialized MultithreadedTaskDispatcher with 4 workers.
UnloadTime: 11.945000 ms
Unloading 15 unused Assets to reduce memory usage. Loaded Objects now: 396986.
Total: 384.271400 ms (FindLiveObjects: 36.726300 ms CreateObjectMapping: 70.023500 ms MarkObjects: 274.868700 ms  DeleteObjects: 2.652700 ms)

Unloading 0 Unused Serialized files (Serialized files now loaded: 0)
Unloading 0 unused Assets to reduce memory usage. Loaded Objects now: 398277.
Total: 389.709200 ms (FindLiveObjects: 35.451700 ms CreateObjectMapping: 69.729200 ms MarkObjects: 282.529700 ms  DeleteObjects: 1.998300 ms)

Unloading 6 Unused Serialized files (Serialized files now loaded: 0)
[PhysX] Initialized MultithreadedTaskDispatcher with 4 workers.
UnloadTime: 19.808400 ms
Unloading 47 unused Assets to reduce memory usage. Loaded Objects now: 384560.
Total: 433.602400 ms (FindLiveObjects: 32.449400 ms CreateObjectMapping: 67.350900 ms MarkObjects: 331.394300 ms  DeleteObjects: 2.407500 ms)

Unloading 0 Unused Serialized files (Serialized files now loaded: 0)
Unloading 0 unused Assets to reduce memory usage. Loaded Objects now: 384560.
Total: 450.702200 ms (FindLiveObjects: 34.885800 ms CreateObjectMapping: 69.235200 ms MarkObjects: 344.050200 ms  DeleteObjects: 2.530500 ms)

Unloading 9 Unused Serialized files (Serialized files now loaded: 0)
[PhysX] Initialized MultithreadedTaskDispatcher with 4 workers.
UnloadTime: 7.737200 ms
Unloading 39 unused Assets to reduce memory usage. Loaded Objects now: 390972.
Total: 388.831400 ms (FindLiveObjects: 35.478900 ms CreateObjectMapping: 70.061400 ms MarkObjects: 280.919600 ms  DeleteObjects: 2.371100 ms)

Unloading 0 Unused Serialized files (Serialized files now loaded: 0)
Unloading 0 unused Assets to reduce memory usage. Loaded Objects now: 391015.
Total: 372.999900 ms (FindLiveObjects: 34.288700 ms CreateObjectMapping: 64.937100 ms MarkObjects: 271.765000 ms  DeleteObjects: 2.008700 ms)

Unloading 9 Unused Serialized files (Serialized files now loaded: 0)
[PhysX] Initialized MultithreadedTaskDispatcher with 4 workers.
UnloadTime: 13.871500 ms
Unloading 25 unused Assets to reduce memory usage. Loaded Objects now: 391425.
Total: 403.012200 ms (FindLiveObjects: 35.428600 ms CreateObjectMapping: 67.401300 ms MarkObjects: 298.011100 ms  DeleteObjects: 2.170800 ms)

Unloading 0 Unused Serialized files (Serialized files now loaded: 0)
Unloading 28309 unused Assets to reduce memory usage. Loaded Objects now: 399750.
Total: 525.600300 ms (FindLiveObjects: 58.235900 ms CreateObjectMapping: 96.060600 ms MarkObjects: 347.674100 ms  DeleteObjects: 23.629300 ms)

Unloading 7 Unused Serialized files (Serialized files now loaded: 0)
[PhysX] Initialized MultithreadedTaskDispatcher with 4 workers.
UnloadTime: 24.845400 ms
Unloading 34 unused Assets to reduce memory usage. Loaded Objects now: 388836.
Total: 491.071800 ms (FindLiveObjects: 36.533400 ms CreateObjectMapping: 76.478600 ms MarkObjects: 372.993300 ms  DeleteObjects: 5.066000 ms)

Unloading 0 Unused Serialized files (Serialized files now loaded: 0)
Unloading 0 unused Assets to reduce memory usage. Loaded Objects now: 388898.
Total: 455.889100 ms (FindLiveObjects: 43.648700 ms CreateObjectMapping: 76.779100 ms MarkObjects: 333.283500 ms  DeleteObjects: 2.177600 ms)

Unloading 9 Unused Serialized files (Serialized files now loaded: 0)
[PhysX] Initialized MultithreadedTaskDispatcher with 4 workers.
UnloadTime: 10.194600 ms
Unloading 15 unused Assets to reduce memory usage. Loaded Objects now: 390974.
Total: 398.758100 ms (FindLiveObjects: 37.731100 ms CreateObjectMapping: 70.713200 ms MarkObjects: 287.900500 ms  DeleteObjects: 2.413000 ms)

Unloading 0 Unused Serialized files (Serialized files now loaded: 0)
Unloading 0 unused Assets to reduce memory usage. Loaded Objects now: 392011.
Total: 413.682300 ms (FindLiveObjects: 36.802200 ms CreateObjectMapping: 74.782300 ms MarkObjects: 300.031300 ms  DeleteObjects: 2.066100 ms)

Unloading 9 Unused Serialized files (Serialized files now loaded: 0)
[PhysX] Initialized MultithreadedTaskDispatcher with 4 workers.
UnloadTime: 14.974900 ms
Unloading 24 unused Assets to reduce memory usage. Loaded Objects now: 391428.
Total: 442.028400 ms (FindLiveObjects: 39.097800 ms CreateObjectMapping: 74.135100 ms MarkObjects: 326.386200 ms  DeleteObjects: 2.409000 ms)

Unloading 0 Unused Serialized files (Serialized files now loaded: 0)
Unloading 22397 unused Assets to reduce memory usage. Loaded Objects now: 399798.
Total: 459.962100 ms (FindLiveObjects: 52.966500 ms CreateObjectMapping: 70.725800 ms MarkObjects: 318.124300 ms  DeleteObjects: 18.145400 ms)

Unloading 7 Unused Serialized files (Serialized files now loaded: 0)
[PhysX] Initialized MultithreadedTaskDispatcher with 4 workers.
UnloadTime: 23.772500 ms
Unloading 34 unused Assets to reduce memory usage. Loaded Objects now: 388830.
Total: 459.447600 ms (FindLiveObjects: 38.912600 ms CreateObjectMapping: 74.335000 ms MarkObjects: 343.946400 ms  DeleteObjects: 2.253300 ms)

Unloading 0 Unused Serialized files (Serialized files now loaded: 0)
Unloading 0 unused Assets to reduce memory usage. Loaded Objects now: 390801.
Total: 404.623800 ms (FindLiveObjects: 33.969400 ms CreateObjectMapping: 64.392000 ms MarkObjects: 304.179000 ms  DeleteObjects: 2.083100 ms)

Unloading 9 Unused Serialized files (Serialized files now loaded: 0)
[PhysX] Initialized MultithreadedTaskDispatcher with 4 workers.
UnloadTime: 17.308500 ms
Unloading 15 unused Assets to reduce memory usage. Loaded Objects now: 390968.
Total: 395.385900 ms (FindLiveObjects: 34.949600 ms CreateObjectMapping: 66.117000 ms MarkObjects: 292.270400 ms  DeleteObjects: 2.048700 ms)

Unloading 0 Unused Serialized files (Serialized files now loaded: 0)
Unloading 0 unused Assets to reduce memory usage. Loaded Objects now: 391017.
Total: 428.805700 ms (FindLiveObjects: 37.849700 ms CreateObjectMapping: 66.753000 ms MarkObjects: 305.847600 ms  DeleteObjects: 18.354700 ms)

Unloading 8 Unused Serialized files (Serialized files now loaded: 0)
[PhysX] Initialized MultithreadedTaskDispatcher with 4 workers.
UnloadTime: 17.467200 ms
Unloading 41 unused Assets to reduce memory usage. Loaded Objects now: 389481.
Total: 394.096600 ms (FindLiveObjects: 35.171700 ms CreateObjectMapping: 67.372000 ms MarkObjects: 289.276100 ms  DeleteObjects: 2.276300 ms)

Unloading 0 Unused Serialized files (Serialized files now loaded: 0)
Unloading 0 unused Assets to reduce memory usage. Loaded Objects now: 392363.
Total: 429.106200 ms (FindLiveObjects: 42.402900 ms CreateObjectMapping: 70.985900 ms MarkObjects: 313.583400 ms  DeleteObjects: 2.133700 ms)

Unloading 8 Unused Serialized files (Serialized files now loaded: 0)
[PhysX] Initialized MultithreadedTaskDispatcher with 4 workers.
UnloadTime: 16.984000 ms
Unloading 3 unused Assets to reduce memory usage. Loaded Objects now: 389481.
Total: 430.958800 ms (FindLiveObjects: 37.509300 ms CreateObjectMapping: 73.275600 ms MarkObjects: 318.068900 ms  DeleteObjects: 2.104700 ms)

Unloading 0 Unused Serialized files (Serialized files now loaded: 0)
Unloading 0 unused Assets to reduce memory usage. Loaded Objects now: 392363.
Total: 386.405000 ms (FindLiveObjects: 33.602300 ms CreateObjectMapping: 66.086300 ms MarkObjects: 284.571200 ms  DeleteObjects: 2.145000 ms)

Unloading 9 Unused Serialized files (Serialized files now loaded: 0)
[PhysX] Initialized MultithreadedTaskDispatcher with 4 workers.
UnloadTime: 18.013800 ms
Unloading 9 unused Assets to reduce memory usage. Loaded Objects now: 390968.
Total: 352.129600 ms (FindLiveObjects: 34.646400 ms CreateObjectMapping: 70.274100 ms MarkObjects: 245.094700 ms  DeleteObjects: 2.113900 ms)

Unloading 0 Unused Serialized files (Serialized files now loaded: 0)
Unloading 0 unused Assets to reduce memory usage. Loaded Objects now: 391011.
Total: 362.945900 ms (FindLiveObjects: 35.580200 ms CreateObjectMapping: 67.188800 ms MarkObjects: 257.692000 ms  DeleteObjects: 2.484500 ms)

Unloading 9 Unused Serialized files (Serialized files now loaded: 0)
[PhysX] Initialized MultithreadedTaskDispatcher with 4 workers.
UnloadTime: 14.939700 ms
Unloading 23 unused Assets to reduce memory usage. Loaded Objects now: 391423.
Total: 410.206600 ms (FindLiveObjects: 36.096000 ms CreateObjectMapping: 70.648500 ms MarkObjects: 301.365500 ms  DeleteObjects: 2.096500 ms)

Unloading 0 Unused Serialized files (Serialized files now loaded: 0)
Unloading 30681 unused Assets to reduce memory usage. Loaded Objects now: 400896.
Total: 508.343700 ms (FindLiveObjects: 52.697200 ms CreateObjectMapping: 79.940300 ms MarkObjects: 349.908300 ms  DeleteObjects: 25.797700 ms)

Unloading 7 Unused Serialized files (Serialized files now loaded: 0)
[PhysX] Initialized MultithreadedTaskDispatcher with 4 workers.
UnloadTime: 29.850300 ms
Unloading 53 unused Assets to reduce memory usage. Loaded Objects now: 388837.
Total: 426.440900 ms (FindLiveObjects: 40.390300 ms CreateObjectMapping: 66.797900 ms MarkObjects: 316.999000 ms  DeleteObjects: 2.253300 ms)

Unloading 0 Unused Serialized files (Serialized files now loaded: 0)
Unloading 0 unused Assets to reduce memory usage. Loaded Objects now: 390247.
Total: 417.815500 ms (FindLiveObjects: 35.764500 ms CreateObjectMapping: 65.836400 ms MarkObjects: 313.861200 ms  DeleteObjects: 2.353100 ms)

Unloading 9 Unused Serialized files (Serialized files now loaded: 0)
[PhysX] Initialized MultithreadedTaskDispatcher with 4 workers.
UnloadTime: 13.812100 ms
Unloading 15 unused Assets to reduce memory usage. Loaded Objects now: 390975.
Total: 427.539100 ms (FindLiveObjects: 35.430600 ms CreateObjectMapping: 68.485300 ms MarkObjects: 321.365200 ms  DeleteObjects: 2.257700 ms)

Unloading 0 Unused Serialized files (Serialized files now loaded: 0)
Unloading 0 unused Assets to reduce memory usage. Loaded Objects now: 391136.
Total: 418.549200 ms (FindLiveObjects: 34.758700 ms CreateObjectMapping: 66.269000 ms MarkObjects: 314.607600 ms  DeleteObjects: 2.913400 ms)

Unloading 9 Unused Serialized files (Serialized files now loaded: 0)
[PhysX] Initialized MultithreadedTaskDispatcher with 4 workers.
UnloadTime: 15.350200 ms
Unloading 24 unused Assets to reduce memory usage. Loaded Objects now: 391429.
Total: 407.269700 ms (FindLiveObjects: 34.458400 ms CreateObjectMapping: 68.214900 ms MarkObjects: 302.283100 ms  DeleteObjects: 2.312900 ms)

Unloading 0 Unused Serialized files (Serialized files now loaded: 0)
Unloading 32508 unused Assets to reduce memory usage. Loaded Objects now: 400497.
Total: 469.814600 ms (FindLiveObjects: 52.260700 ms CreateObjectMapping: 73.804800 ms MarkObjects: 317.475800 ms  DeleteObjects: 26.272900 ms)

Unloading 7 Unused Serialized files (Serialized files now loaded: 0)
[PhysX] Initialized MultithreadedTaskDispatcher with 4 workers.
UnloadTime: 30.248800 ms
Unloading 38 unused Assets to reduce memory usage. Loaded Objects now: 388845.
Total: 444.931800 ms (FindLiveObjects: 35.408300 ms CreateObjectMapping: 69.398800 ms MarkObjects: 337.465900 ms  DeleteObjects: 2.658600 ms)

Unloading 0 Unused Serialized files (Serialized files now loaded: 0)
Unloading 0 unused Assets to reduce memory usage. Loaded Objects now: 389883.
Total: 468.700300 ms (FindLiveObjects: 38.705400 ms CreateObjectMapping: 70.696400 ms MarkObjects: 357.141300 ms  DeleteObjects: 2.157000 ms)

Unloading 9 Unused Serialized files (Serialized files now loaded: 0)
[PhysX] Initialized MultithreadedTaskDispatcher with 4 workers.
UnloadTime: 14.321100 ms
Unloading 15 unused Assets to reduce memory usage. Loaded Objects now: 390983.
Total: 332.719300 ms (FindLiveObjects: 33.790600 ms CreateObjectMapping: 66.927500 ms MarkObjects: 229.682900 ms  DeleteObjects: 2.317800 ms)

Unloading 0 Unused Serialized files (Serialized files now loaded: 0)
Unloading 0 unused Assets to reduce memory usage. Loaded Objects now: 391039.
Total: 363.672000 ms (FindLiveObjects: 33.860100 ms CreateObjectMapping: 69.383000 ms MarkObjects: 257.390800 ms  DeleteObjects: 3.037500 ms)

Unloading 8 Unused Serialized files (Serialized files now loaded: 0)
[PhysX] Initialized MultithreadedTaskDispatcher with 4 workers.
UnloadTime: 14.557800 ms
Unloading 41 unused Assets to reduce memory usage. Loaded Objects now: 389495.
Total: 389.609500 ms (FindLiveObjects: 35.264100 ms CreateObjectMapping: 70.977000 ms MarkObjects: 281.199200 ms  DeleteObjects: 2.169000 ms)

Unloading 0 Unused Serialized files (Serialized files now loaded: 0)
Unloading 0 unused Assets to reduce memory usage. Loaded Objects now: 393332.
Total: 448.976100 ms (FindLiveObjects: 37.135700 ms CreateObjectMapping: 67.512700 ms MarkObjects: 342.141100 ms  DeleteObjects: 2.186000 ms)

Unloading 9 Unused Serialized files (Serialized files now loaded: 0)
[PhysX] Initialized MultithreadedTaskDispatcher with 4 workers.
UnloadTime: 20.578500 ms
Unloading 9 unused Assets to reduce memory usage. Loaded Objects now: 390975.
Total: 392.992800 ms (FindLiveObjects: 36.098800 ms CreateObjectMapping: 68.079400 ms MarkObjects: 286.585400 ms  DeleteObjects: 2.228800 ms)

Unloading 0 Unused Serialized files (Serialized files now loaded: 0)
Unloading 0 unused Assets to reduce memory usage. Loaded Objects now: 398288.
Total: 421.745800 ms (FindLiveObjects: 39.712200 ms CreateObjectMapping: 71.495500 ms MarkObjects: 308.552000 ms  DeleteObjects: 1.985700 ms)

Unloading 6 Unused Serialized files (Serialized files now loaded: 0)
[PhysX] Initialized MultithreadedTaskDispatcher with 4 workers.
UnloadTime: 23.677900 ms
Unloading 47 unused Assets to reduce memory usage. Loaded Objects now: 384571.
Total: 436.598200 ms (FindLiveObjects: 34.691500 ms CreateObjectMapping: 70.897800 ms MarkObjects: 328.669400 ms  DeleteObjects: 2.339300 ms)

Unloading 0 Unused Serialized files (Serialized files now loaded: 0)
Unloading 0 unused Assets to reduce memory usage. Loaded Objects now: 384571.
Total: 416.089400 ms (FindLiveObjects: 32.156600 ms CreateObjectMapping: 65.535300 ms MarkObjects: 316.380400 ms  DeleteObjects: 2.016500 ms)

Unloading 9 Unused Serialized files (Serialized files now loaded: 0)
[PhysX] Initialized MultithreadedTaskDispatcher with 4 workers.
UnloadTime: 7.561300 ms
Unloading 39 unused Assets to reduce memory usage. Loaded Objects now: 396997.
Total: 400.317900 ms (FindLiveObjects: 38.575000 ms CreateObjectMapping: 70.474500 ms MarkObjects: 288.930400 ms  DeleteObjects: 2.337600 ms)

Unloading 0 Unused Serialized files (Serialized files now loaded: 0)
Unloading 3 unused Assets to reduce memory usage. Loaded Objects now: 398053.
Total: 442.261700 ms (FindLiveObjects: 51.750800 ms CreateObjectMapping: 67.464300 ms MarkObjects: 321.070200 ms  DeleteObjects: 1.976200 ms)

Unloading 9 Unused Serialized files (Serialized files now loaded: 0)
[PhysX] Initialized MultithreadedTaskDispatcher with 4 workers.
UnloadTime: 25.168400 ms
Unloading 26 unused Assets to reduce memory usage. Loaded Objects now: 391432.
Total: 414.241000 ms (FindLiveObjects: 36.704800 ms CreateObjectMapping: 69.049300 ms MarkObjects: 306.180600 ms  DeleteObjects: 2.306100 ms)

Unloading 0 Unused Serialized files (Serialized files now loaded: 0)
Unloading 88263 unused Assets to reduce memory usage. Loaded Objects now: 400303.
Total: 533.534500 ms (FindLiveObjects: 60.841500 ms CreateObjectMapping: 84.433400 ms MarkObjects: 306.119100 ms  DeleteObjects: 82.139800 ms)

Unloading 7 Unused Serialized files (Serialized files now loaded: 0)
[PhysX] Initialized MultithreadedTaskDispatcher with 4 workers.
UnloadTime: 29.911100 ms
Unloading 44 unused Assets to reduce memory usage. Loaded Objects now: 388843.
Total: 454.738600 ms (FindLiveObjects: 35.427700 ms CreateObjectMapping: 71.839600 ms MarkObjects: 345.137700 ms  DeleteObjects: 2.333200 ms)

Unloading 0 Unused Serialized files (Serialized files now loaded: 0)
Unloading 0 unused Assets to reduce memory usage. Loaded Objects now: 389357.
Total: 448.822000 ms (FindLiveObjects: 35.281900 ms CreateObjectMapping: 66.225100 ms MarkObjects: 344.207400 ms  DeleteObjects: 3.107300 ms)

Unloading 9 Unused Serialized files (Serialized files now loaded: 0)
[PhysX] Initialized MultithreadedTaskDispatcher with 4 workers.
UnloadTime: 11.346900 ms
Unloading 15 unused Assets to reduce memory usage. Loaded Objects now: 396995.
Total: 422.534400 ms (FindLiveObjects: 35.978000 ms CreateObjectMapping: 67.515800 ms MarkObjects: 317.026800 ms  DeleteObjects: 2.013600 ms)

Unloading 0 Unused Serialized files (Serialized files now loaded: 0)
Unloading 0 unused Assets to reduce memory usage. Loaded Objects now: 397066.
Total: 414.038500 ms (FindLiveObjects: 37.542600 ms CreateObjectMapping: 67.127300 ms MarkObjects: 307.340400 ms  DeleteObjects: 2.028000 ms)

Unloading 9 Unused Serialized files (Serialized files now loaded: 0)
[PhysX] Initialized MultithreadedTaskDispatcher with 4 workers.
UnloadTime: 18.992400 ms
Unloading 28 unused Assets to reduce memory usage. Loaded Objects now: 391431.
Total: 394.528100 ms (FindLiveObjects: 33.564100 ms CreateObjectMapping: 65.334500 ms MarkObjects: 293.672300 ms  DeleteObjects: 1.956900 ms)

Unloading 0 Unused Serialized files (Serialized files now loaded: 0)
Unloading 103546 unused Assets to reduce memory usage. Loaded Objects now: 399849.
Total: 555.590000 ms (FindLiveObjects: 61.138200 ms CreateObjectMapping: 83.856300 ms MarkObjects: 305.445900 ms  DeleteObjects: 105.149400 ms)

Unloading 7 Unused Serialized files (Serialized files now loaded: 0)
[PhysX] Initialized MultithreadedTaskDispatcher with 4 workers.
UnloadTime: 26.372500 ms
Unloading 34 unused Assets to reduce memory usage. Loaded Objects now: 388841.
Total: 408.490700 ms (FindLiveObjects: 35.162300 ms CreateObjectMapping: 69.487400 ms MarkObjects: 301.644500 ms  DeleteObjects: 2.196200 ms)

Unloading 0 Unused Serialized files (Serialized files now loaded: 0)
Unloading 0 unused Assets to reduce memory usage. Loaded Objects now: 389803.
Total: 420.767800 ms (FindLiveObjects: 37.235400 ms CreateObjectMapping: 67.695100 ms MarkObjects: 313.700900 ms  DeleteObjects: 2.136100 ms)

Unloading 9 Unused Serialized files (Serialized files now loaded: 0)
[PhysX] Initialized MultithreadedTaskDispatcher with 4 workers.
UnloadTime: 14.124100 ms
Unloading 15 unused Assets to reduce memory usage. Loaded Objects now: 396993.
Total: 407.787100 ms (FindLiveObjects: 37.729400 ms CreateObjectMapping: 72.171000 ms MarkObjects: 295.003600 ms  DeleteObjects: 2.882500 ms)

Unloading 0 Unused Serialized files (Serialized files now loaded: 0)
Unloading 0 unused Assets to reduce memory usage. Loaded Objects now: 397106.
Total: 408.780400 ms (FindLiveObjects: 36.154600 ms CreateObjectMapping: 74.788300 ms MarkObjects: 295.670200 ms  DeleteObjects: 2.166900 ms)

Unloading 8 Unused Serialized files (Serialized files now loaded: 0)
[PhysX] Initialized MultithreadedTaskDispatcher with 4 workers.
UnloadTime: 21.265900 ms
Unloading 41 unused Assets to reduce memory usage. Loaded Objects now: 389534.
Total: 422.287600 ms (FindLiveObjects: 33.455800 ms CreateObjectMapping: 67.700200 ms MarkObjects: 318.916200 ms  DeleteObjects: 2.215000 ms)

Unloading 0 Unused Serialized files (Serialized files now loaded: 0)
Unloading 0 unused Assets to reduce memory usage. Loaded Objects now: 393349.
Total: 406.756700 ms (FindLiveObjects: 34.194400 ms CreateObjectMapping: 65.261800 ms MarkObjects: 305.249700 ms  DeleteObjects: 2.050500 ms)

Unloading 9 Unused Serialized files (Serialized files now loaded: 0)
[PhysX] Initialized MultithreadedTaskDispatcher with 4 workers.
UnloadTime: 15.175000 ms
Unloading 9 unused Assets to reduce memory usage. Loaded Objects now: 397000.
Total: 345.539900 ms (FindLiveObjects: 36.377200 ms CreateObjectMapping: 66.829500 ms MarkObjects: 240.340500 ms  DeleteObjects: 1.992500 ms)

Unloading 0 Unused Serialized files (Serialized files now loaded: 0)
Unloading 0 unused Assets to reduce memory usage. Loaded Objects now: 398060.
Total: 394.845900 ms (FindLiveObjects: 37.087100 ms CreateObjectMapping: 68.211700 ms MarkObjects: 286.479900 ms  DeleteObjects: 3.066800 ms)

Unloading 9 Unused Serialized files (Serialized files now loaded: 0)
[PhysX] Initialized MultithreadedTaskDispatcher with 4 workers.
UnloadTime: 19.849000 ms
Unloading 26 unused Assets to reduce memory usage. Loaded Objects now: 391431.
Total: 385.402800 ms (FindLiveObjects: 33.508400 ms CreateObjectMapping: 66.635300 ms MarkObjects: 283.013100 ms  DeleteObjects: 2.245700 ms)

Unloading 0 Unused Serialized files (Serialized files now loaded: 0)
Unloading 55297 unused Assets to reduce memory usage. Loaded Objects now: 401195.
Total: 486.690600 ms (FindLiveObjects: 55.498700 ms CreateObjectMapping: 75.329400 ms MarkObjects: 311.944500 ms  DeleteObjects: 43.917800 ms)

Unloading 7 Unused Serialized files (Serialized files now loaded: 0)
[PhysX] Initialized MultithreadedTaskDispatcher with 4 workers.
UnloadTime: 30.673600 ms
Unloading 35 unused Assets to reduce memory usage. Loaded Objects now: 388854.
Total: 433.197800 ms (FindLiveObjects: 36.213000 ms CreateObjectMapping: 69.048000 ms MarkObjects: 325.561400 ms  DeleteObjects: 2.375300 ms)

Unloading 0 Unused Serialized files (Serialized files now loaded: 0)
Unloading 0 unused Assets to reduce memory usage. Loaded Objects now: 389848.
Total: 407.649300 ms (FindLiveObjects: 35.689800 ms CreateObjectMapping: 68.687700 ms MarkObjects: 300.866000 ms  DeleteObjects: 2.405300 ms)

Unloading 9 Unused Serialized files (Serialized files now loaded: 0)
[PhysX] Initialized MultithreadedTaskDispatcher with 4 workers.
UnloadTime: 13.050300 ms
Unloading 15 unused Assets to reduce memory usage. Loaded Objects now: 397006.
Total: 403.081200 ms (FindLiveObjects: 35.151800 ms CreateObjectMapping: 70.259100 ms MarkObjects: 295.710900 ms  DeleteObjects: 1.958900 ms)

Unloading 0 Unused Serialized files (Serialized files now loaded: 0)
Unloading 0 unused Assets to reduce memory usage. Loaded Objects now: 397075.
Total: 397.921500 ms (FindLiveObjects: 34.785600 ms CreateObjectMapping: 64.892900 ms MarkObjects: 296.196700 ms  DeleteObjects: 2.046000 ms)

Unloading 9 Unused Serialized files (Serialized files now loaded: 0)
[PhysX] Initialized MultithreadedTaskDispatcher with 4 workers.
UnloadTime: 21.857700 ms
Unloading 27 unused Assets to reduce memory usage. Loaded Objects now: 391443.
Total: 410.494400 ms (FindLiveObjects: 33.902900 ms CreateObjectMapping: 68.716800 ms MarkObjects: 305.801600 ms  DeleteObjects: 2.072700 ms)

Unloading 0 Unused Serialized files (Serialized files now loaded: 0)
Unloading 112770 unused Assets to reduce memory usage. Loaded Objects now: 400744.
Total: 542.283900 ms (FindLiveObjects: 61.778000 ms CreateObjectMapping: 83.858100 ms MarkObjects: 291.007700 ms  DeleteObjects: 105.639800 ms)

Unloading 7 Unused Serialized files (Serialized files now loaded: 0)
[PhysX] Initialized MultithreadedTaskDispatcher with 4 workers.
UnloadTime: 26.541500 ms
Unloading 42 unused Assets to reduce memory usage. Loaded Objects now: 388846.
Total: 391.088500 ms (FindLiveObjects: 32.929300 ms CreateObjectMapping: 66.140100 ms MarkObjects: 289.860200 ms  DeleteObjects: 2.158600 ms)

Unloading 0 Unused Serialized files (Serialized files now loaded: 0)
Unloading 0 unused Assets to reduce memory usage. Loaded Objects now: 389812.
Total: 420.577000 ms (FindLiveObjects: 37.399600 ms CreateObjectMapping: 64.718200 ms MarkObjects: 316.223900 ms  DeleteObjects: 2.235000 ms)

Unloading 9 Unused Serialized files (Serialized files now loaded: 0)
[PhysX] Initialized MultithreadedTaskDispatcher with 4 workers.
UnloadTime: 13.120100 ms
Unloading 15 unused Assets to reduce memory usage. Loaded Objects now: 396998.
Total: 393.907900 ms (FindLiveObjects: 35.977000 ms CreateObjectMapping: 67.652000 ms MarkObjects: 288.254600 ms  DeleteObjects: 2.024000 ms)

Unloading 0 Unused Serialized files (Serialized files now loaded: 0)
Unloading 0 unused Assets to reduce memory usage. Loaded Objects now: 397112.
Total: 401.505700 ms (FindLiveObjects: 34.424600 ms CreateObjectMapping: 68.175600 ms MarkObjects: 296.774500 ms  DeleteObjects: 2.130700 ms)

Unloading 8 Unused Serialized files (Serialized files now loaded: 0)
[PhysX] Initialized MultithreadedTaskDispatcher with 4 workers.
UnloadTime: 19.572000 ms
Unloading 41 unused Assets to reduce memory usage. Loaded Objects now: 389546.
Total: 408.193000 ms (FindLiveObjects: 35.203700 ms CreateObjectMapping: 68.384400 ms MarkObjects: 302.388400 ms  DeleteObjects: 2.216100 ms)

Unloading 0 Unused Serialized files (Serialized files now loaded: 0)
Unloading 0 unused Assets to reduce memory usage. Loaded Objects now: 393350.
Total: 405.371800 ms (FindLiveObjects: 35.503000 ms CreateObjectMapping: 65.722600 ms MarkObjects: 302.057900 ms  DeleteObjects: 2.088000 ms)

Unloading 9 Unused Serialized files (Serialized files now loaded: 0)
[PhysX] Initialized MultithreadedTaskDispatcher with 4 workers.
UnloadTime: 19.926000 ms
Unloading 9 unused Assets to reduce memory usage. Loaded Objects now: 397005.
Total: 397.549000 ms (FindLiveObjects: 35.742300 ms CreateObjectMapping: 65.760100 ms MarkObjects: 293.606900 ms  DeleteObjects: 2.439300 ms)

Unloading 0 Unused Serialized files (Serialized files now loaded: 0)
Unloading 0 unused Assets to reduce memory usage. Loaded Objects now: 404127.
Total: 389.939900 ms (FindLiveObjects: 35.568000 ms CreateObjectMapping: 65.633400 ms MarkObjects: 286.468000 ms  DeleteObjects: 2.270200 ms)

Unloading 6 Unused Serialized files (Serialized files now loaded: 0)
[PhysX] Initialized MultithreadedTaskDispatcher with 4 workers.
UnloadTime: 29.045800 ms
Unloading 47 unused Assets to reduce memory usage. Loaded Objects now: 384572.
Total: 424.624100 ms (FindLiveObjects: 33.815900 ms CreateObjectMapping: 68.361100 ms MarkObjects: 319.921900 ms  DeleteObjects: 2.524900 ms)

Unloading 0 Unused Serialized files (Serialized files now loaded: 0)
Unloading 0 unused Assets to reduce memory usage. Loaded Objects now: 384572.
Total: 422.829100 ms (FindLiveObjects: 36.333500 ms CreateObjectMapping: 67.643900 ms MarkObjects: 316.501100 ms  DeleteObjects: 2.350000 ms)

Unloading 9 Unused Serialized files (Serialized files now loaded: 0)
[PhysX] Initialized MultithreadedTaskDispatcher with 4 workers.
UnloadTime: 9.537500 ms
Unloading 39 unused Assets to reduce memory usage. Loaded Objects now: 396798.
Total: 407.343700 ms (FindLiveObjects: 41.020200 ms CreateObjectMapping: 68.888000 ms MarkObjects: 295.411800 ms  DeleteObjects: 2.023400 ms)

Unloading 0 Unused Serialized files (Serialized files now loaded: 0)
Unloading 0 unused Assets to reduce memory usage. Loaded Objects now: 396869.
Total: 414.667400 ms (FindLiveObjects: 35.194000 ms CreateObjectMapping: 67.656900 ms MarkObjects: 308.862500 ms  DeleteObjects: 2.953300 ms)

Unloading 9 Unused Serialized files (Serialized files now loaded: 0)
[PhysX] Initialized MultithreadedTaskDispatcher with 4 workers.
UnloadTime: 22.293900 ms
Unloading 35 unused Assets to reduce memory usage. Loaded Objects now: 392311.
Total: 397.295600 ms (FindLiveObjects: 34.752600 ms CreateObjectMapping: 67.093500 ms MarkObjects: 293.159800 ms  DeleteObjects: 2.289200 ms)

Unloading 0 Unused Serialized files (Serialized files now loaded: 0)
Unloading 20 unused Assets to reduce memory usage. Loaded Objects now: 392510.
Total: 469.198700 ms (FindLiveObjects: 53.903800 ms CreateObjectMapping: 74.794500 ms MarkObjects: 337.891500 ms  DeleteObjects: 2.608700 ms)

Unloading 9 Unused Serialized files (Serialized files now loaded: 0)
[PhysX] Initialized MultithreadedTaskDispatcher with 4 workers.
UnloadTime: 15.037000 ms
Unloading 184 unused Assets to reduce memory usage. Loaded Objects now: 396788.
Total: 372.798400 ms (FindLiveObjects: 35.511500 ms CreateObjectMapping: 66.370200 ms MarkObjects: 268.058600 ms  DeleteObjects: 2.857500 ms)

Unloading 0 Unused Serialized files (Serialized files now loaded: 0)
Unloading 0 unused Assets to reduce memory usage. Loaded Objects now: 397849.
Total: 393.586400 ms (FindLiveObjects: 41.553900 ms CreateObjectMapping: 74.375600 ms MarkObjects: 275.152800 ms  DeleteObjects: 2.503700 ms)

Unloading 9 Unused Serialized files (Serialized files now loaded: 0)
[PhysX] Initialized MultithreadedTaskDispatcher with 4 workers.
UnloadTime: 20.200600 ms
Unloading 27 unused Assets to reduce memory usage. Loaded Objects now: 391425.
Total: 451.044300 ms (FindLiveObjects: 35.016200 ms CreateObjectMapping: 70.315100 ms MarkObjects: 343.536300 ms  DeleteObjects: 2.176500 ms)

Unloading 0 Unused Serialized files (Serialized files now loaded: 0)
Unloading 75650 unused Assets to reduce memory usage. Loaded Objects now: 399796.
Total: 522.963700 ms (FindLiveObjects: 56.858400 ms CreateObjectMapping: 79.018100 ms MarkObjects: 326.809100 ms  DeleteObjects: 60.277900 ms)

Unloading 7 Unused Serialized files (Serialized files now loaded: 0)
[PhysX] Initialized MultithreadedTaskDispatcher with 4 workers.
UnloadTime: 24.779000 ms
Unloading 34 unused Assets to reduce memory usage. Loaded Objects now: 388833.
Total: 449.071100 ms (FindLiveObjects: 33.657200 ms CreateObjectMapping: 68.038800 ms MarkObjects: 345.143200 ms  DeleteObjects: 2.231700 ms)

Unloading 0 Unused Serialized files (Serialized files now loaded: 0)
Unloading 0 unused Assets to reduce memory usage. Loaded Objects now: 389349.
Total: 467.057500 ms (FindLiveObjects: 34.735700 ms CreateObjectMapping: 65.024800 ms MarkObjects: 365.224900 ms  DeleteObjects: 2.071900 ms)

Unloading 9 Unused Serialized files (Serialized files now loaded: 0)
[PhysX] Initialized MultithreadedTaskDispatcher with 4 workers.
UnloadTime: 12.939800 ms
Unloading 15 unused Assets to reduce memory usage. Loaded Objects now: 396785.
Total: 417.116800 ms (FindLiveObjects: 36.463600 ms CreateObjectMapping: 66.200400 ms MarkObjects: 312.177300 ms  DeleteObjects: 2.275200 ms)

Unloading 0 Unused Serialized files (Serialized files now loaded: 0)
Unloading 0 unused Assets to reduce memory usage. Loaded Objects now: 397848.
Total: 438.021300 ms (FindLiveObjects: 38.542700 ms CreateObjectMapping: 70.986300 ms MarkObjects: 326.101700 ms  DeleteObjects: 2.390200 ms)

Unloading 9 Unused Serialized files (Serialized files now loaded: 0)
[PhysX] Initialized MultithreadedTaskDispatcher with 4 workers.
UnloadTime: 21.306700 ms
Unloading 25 unused Assets to reduce memory usage. Loaded Objects now: 391424.
Total: 392.362600 ms (FindLiveObjects: 34.447400 ms CreateObjectMapping: 65.833000 ms MarkObjects: 289.999300 ms  DeleteObjects: 2.082600 ms)

Unloading 0 Unused Serialized files (Serialized files now loaded: 0)
Unloading 47735 unused Assets to reduce memory usage. Loaded Objects now: 402418.
Total: 485.012200 ms (FindLiveObjects: 56.748300 ms CreateObjectMapping: 76.799000 ms MarkObjects: 312.972700 ms  DeleteObjects: 38.491800 ms)

Unloading 9 Unused Serialized files (Serialized files now loaded: 0)
[PhysX] Initialized MultithreadedTaskDispatcher with 4 workers.
UnloadTime: 28.419900 ms
Unloading 14 unused Assets to reduce memory usage. Loaded Objects now: 396783.
Total: 357.826500 ms (FindLiveObjects: 40.093400 ms CreateObjectMapping: 70.861700 ms MarkObjects: 244.720300 ms  DeleteObjects: 2.150800 ms)

Unloading 0 Unused Serialized files (Serialized files now loaded: 0)
Unloading 0 unused Assets to reduce memory usage. Loaded Objects now: 396848.
Total: 424.021600 ms (FindLiveObjects: 36.471000 ms CreateObjectMapping: 69.870700 ms MarkObjects: 315.181100 ms  DeleteObjects: 2.498400 ms)

Unloading 9 Unused Serialized files (Serialized files now loaded: 0)
[PhysX] Initialized MultithreadedTaskDispatcher with 4 workers.
UnloadTime: 19.758500 ms
Unloading 35 unused Assets to reduce memory usage. Loaded Objects now: 391412.
Total: 404.577200 ms (FindLiveObjects: 38.806900 ms CreateObjectMapping: 68.443000 ms MarkObjects: 295.143100 ms  DeleteObjects: 2.183600 ms)

Unloading 0 Unused Serialized files (Serialized files now loaded: 0)
Unloading 60686 unused Assets to reduce memory usage. Loaded Objects now: 398203.
Total: 512.964300 ms (FindLiveObjects: 49.351200 ms CreateObjectMapping: 85.568600 ms MarkObjects: 330.882200 ms  DeleteObjects: 47.162000 ms)

Unloading 9 Unused Serialized files (Serialized files now loaded: 0)
[PhysX] Initialized MultithreadedTaskDispatcher with 4 workers.
UnloadTime: 20.732600 ms
Unloading 14 unused Assets to reduce memory usage. Loaded Objects now: 396820.
Total: 465.548900 ms (FindLiveObjects: 34.148700 ms CreateObjectMapping: 65.977900 ms MarkObjects: 363.418400 ms  DeleteObjects: 2.003700 ms)

Unloading 0 Unused Serialized files (Serialized files now loaded: 0)
Unloading 0 unused Assets to reduce memory usage. Loaded Objects now: 396885.
Total: 434.177300 ms (FindLiveObjects: 34.828400 ms CreateObjectMapping: 66.881600 ms MarkObjects: 329.274300 ms  DeleteObjects: 3.192500 ms)

Unloading 9 Unused Serialized files (Serialized files now loaded: 0)
[PhysX] Initialized MultithreadedTaskDispatcher with 4 workers.
UnloadTime: 24.801100 ms
Unloading 72 unused Assets to reduce memory usage. Loaded Objects now: 391412.
Total: 423.553100 ms (FindLiveObjects: 38.970300 ms CreateObjectMapping: 72.624700 ms MarkObjects: 309.617100 ms  DeleteObjects: 2.340500 ms)

Unloading 0 Unused Serialized files (Serialized files now loaded: 0)
Unloading 59912 unused Assets to reduce memory usage. Loaded Objects now: 403916.
Total: 524.102300 ms (FindLiveObjects: 61.868300 ms CreateObjectMapping: 87.839600 ms MarkObjects: 326.424600 ms  DeleteObjects: 47.969600 ms)

Unloading 9 Unused Serialized files (Serialized files now loaded: 0)
[PhysX] Initialized MultithreadedTaskDispatcher with 4 workers.
UnloadTime: 30.614300 ms
Unloading 14 unused Assets to reduce memory usage. Loaded Objects now: 396834.
Total: 346.601900 ms (FindLiveObjects: 37.838700 ms CreateObjectMapping: 73.953200 ms MarkObjects: 232.412200 ms  DeleteObjects: 2.397300 ms)

Unloading 0 Unused Serialized files (Serialized files now loaded: 0)
Unloading 0 unused Assets to reduce memory usage. Loaded Objects now: 396899.
Total: 385.994900 ms (FindLiveObjects: 38.991600 ms CreateObjectMapping: 74.267800 ms MarkObjects: 270.300900 ms  DeleteObjects: 2.434100 ms)

Unloading 9 Unused Serialized files (Serialized files now loaded: 0)
[PhysX] Initialized MultithreadedTaskDispatcher with 4 workers.
UnloadTime: 24.303600 ms
Unloading 86 unused Assets to reduce memory usage. Loaded Objects now: 391412.
Total: 430.050800 ms (FindLiveObjects: 36.099200 ms CreateObjectMapping: 72.086000 ms MarkObjects: 319.147300 ms  DeleteObjects: 2.717800 ms)

Unloading 0 Unused Serialized files (Serialized files now loaded: 0)
Unloading 94469 unused Assets to reduce memory usage. Loaded Objects now: 401298.
Total: 534.601800 ms (FindLiveObjects: 57.275200 ms CreateObjectMapping: 80.826300 ms MarkObjects: 321.419200 ms  DeleteObjects: 75.080900 ms)

Unloading 9 Unused Serialized files (Serialized files now loaded: 0)
[PhysX] Initialized MultithreadedTaskDispatcher with 4 workers.
UnloadTime: 31.118500 ms
Unloading 14 unused Assets to reduce memory usage. Loaded Objects now: 396815.
Total: 451.601000 ms (FindLiveObjects: 36.950600 ms CreateObjectMapping: 66.289400 ms MarkObjects: 346.094500 ms  DeleteObjects: 2.266200 ms)

Unloading 0 Unused Serialized files (Serialized files now loaded: 0)
Unloading 0 unused Assets to reduce memory usage. Loaded Objects now: 396880.
Total: 435.556900 ms (FindLiveObjects: 35.210000 ms CreateObjectMapping: 66.908000 ms MarkObjects: 331.253700 ms  DeleteObjects: 2.185000 ms)

Unloading 9 Unused Serialized files (Serialized files now loaded: 0)
[PhysX] Initialized MultithreadedTaskDispatcher with 4 workers.
UnloadTime: 23.888700 ms
Unloading 67 unused Assets to reduce memory usage. Loaded Objects now: 391412.
Total: 414.262300 ms (FindLiveObjects: 34.797700 ms CreateObjectMapping: 68.217900 ms MarkObjects: 308.651000 ms  DeleteObjects: 2.595400 ms)

Unloading 0 Unused Serialized files (Serialized files now loaded: 0)
Unloading 1262 unused Assets to reduce memory usage. Loaded Objects now: 404940.
Total: 429.042100 ms (FindLiveObjects: 42.623500 ms CreateObjectMapping: 70.360400 ms MarkObjects: 312.320100 ms  DeleteObjects: 3.737600 ms)

Unloading 9 Unused Serialized files (Serialized files now loaded: 0)
[PhysX] Initialized MultithreadedTaskDispatcher with 4 workers.
UnloadTime: 29.269700 ms
Unloading 14 unused Assets to reduce memory usage. Loaded Objects now: 396785.
Total: 410.511500 ms (FindLiveObjects: 34.975300 ms CreateObjectMapping: 67.954300 ms MarkObjects: 305.435900 ms  DeleteObjects: 2.145700 ms)

Unloading 0 Unused Serialized files (Serialized files now loaded: 0)
Unloading 0 unused Assets to reduce memory usage. Loaded Objects now: 396850.
Total: 409.021400 ms (FindLiveObjects: 35.593500 ms CreateObjectMapping: 65.537000 ms MarkObjects: 305.836900 ms  DeleteObjects: 2.053800 ms)

Unloading 9 Unused Serialized files (Serialized files now loaded: 0)
[PhysX] Initialized MultithreadedTaskDispatcher with 4 workers.
UnloadTime: 19.080400 ms
Unloading 37 unused Assets to reduce memory usage. Loaded Objects now: 391412.
Total: 397.703800 ms (FindLiveObjects: 34.603200 ms CreateObjectMapping: 68.262600 ms MarkObjects: 292.583900 ms  DeleteObjects: 2.253700 ms)

Unloading 0 Unused Serialized files (Serialized files now loaded: 0)
Unloading 61894 unused Assets to reduce memory usage. Loaded Objects now: 403809.
Total: 495.495400 ms (FindLiveObjects: 46.907800 ms CreateObjectMapping: 78.009400 ms MarkObjects: 316.788100 ms  DeleteObjects: 53.789800 ms)

Unloading 9 Unused Serialized files (Serialized files now loaded: 0)
[PhysX] Initialized MultithreadedTaskDispatcher with 4 workers.
UnloadTime: 29.056100 ms
Unloading 14 unused Assets to reduce memory usage. Loaded Objects now: 396833.
Total: 429.422800 ms (FindLiveObjects: 36.234700 ms CreateObjectMapping: 68.295900 ms MarkObjects: 322.814300 ms  DeleteObjects: 2.077500 ms)

Unloading 0 Unused Serialized files (Serialized files now loaded: 0)
Unloading 0 unused Assets to reduce memory usage. Loaded Objects now: 396898.
Total: 445.318300 ms (FindLiveObjects: 35.102200 ms CreateObjectMapping: 66.742500 ms MarkObjects: 341.345900 ms  DeleteObjects: 2.127500 ms)

Unloading 9 Unused Serialized files (Serialized files now loaded: 0)
[PhysX] Initialized MultithreadedTaskDispatcher with 4 workers.
UnloadTime: 21.663800 ms
Unloading 85 unused Assets to reduce memory usage. Loaded Objects now: 391412.
Total: 427.479800 ms (FindLiveObjects: 37.314800 ms CreateObjectMapping: 77.288800 ms MarkObjects: 310.889500 ms  DeleteObjects: 1.986500 ms)

Unloading 0 Unused Serialized files (Serialized files now loaded: 0)
Unloading 50451 unused Assets to reduce memory usage. Loaded Objects now: 404694.
Total: 489.935100 ms (FindLiveObjects: 48.977500 ms CreateObjectMapping: 74.421300 ms MarkObjects: 327.803200 ms  DeleteObjects: 38.732700 ms)

Unloading 9 Unused Serialized files (Serialized files now loaded: 0)
[PhysX] Initialized MultithreadedTaskDispatcher with 4 workers.
UnloadTime: 38.342400 ms
Unloading 14 unused Assets to reduce memory usage. Loaded Objects now: 396843.
Total: 446.906200 ms (FindLiveObjects: 35.175100 ms CreateObjectMapping: 69.273800 ms MarkObjects: 340.135400 ms  DeleteObjects: 2.321400 ms)

Unloading 0 Unused Serialized files (Serialized files now loaded: 0)
Unloading 0 unused Assets to reduce memory usage. Loaded Objects now: 396908.
Total: 418.999500 ms (FindLiveObjects: 36.009400 ms CreateObjectMapping: 67.656500 ms MarkObjects: 313.228200 ms  DeleteObjects: 2.105100 ms)

Unloading 9 Unused Serialized files (Serialized files now loaded: 0)
[PhysX] Initialized MultithreadedTaskDispatcher with 4 workers.
UnloadTime: 20.077000 ms
Unloading 95 unused Assets to reduce memory usage. Loaded Objects now: 391412.
Total: 398.405400 ms (FindLiveObjects: 33.885000 ms CreateObjectMapping: 67.294100 ms MarkObjects: 295.025400 ms  DeleteObjects: 2.200700 ms)

Unloading 0 Unused Serialized files (Serialized files now loaded: 0)
Unloading 32384 unused Assets to reduce memory usage. Loaded Objects now: 401973.
Total: 503.098800 ms (FindLiveObjects: 51.267400 ms CreateObjectMapping: 74.916800 ms MarkObjects: 350.279400 ms  DeleteObjects: 26.634900 ms)

Unloading 9 Unused Serialized files (Serialized files now loaded: 0)
[PhysX] Initialized MultithreadedTaskDispatcher with 4 workers.
UnloadTime: 25.466000 ms
Unloading 14 unused Assets to reduce memory usage. Loaded Objects now: 396809.
Total: 418.488700 ms (FindLiveObjects: 35.867100 ms CreateObjectMapping: 68.944100 ms MarkObjects: 311.185400 ms  DeleteObjects: 2.491900 ms)

Unloading 0 Unused Serialized files (Serialized files now loaded: 0)
Unloading 0 unused Assets to reduce memory usage. Loaded Objects now: 396874.
Total: 415.893800 ms (FindLiveObjects: 38.551700 ms CreateObjectMapping: 65.815000 ms MarkObjects: 309.565000 ms  DeleteObjects: 1.961500 ms)

Unloading 9 Unused Serialized files (Serialized files now loaded: 0)
[PhysX] Initialized MultithreadedTaskDispatcher with 4 workers.
UnloadTime: 19.805900 ms
Unloading 61 unused Assets to reduce memory usage. Loaded Objects now: 391412.
Total: 391.893900 ms (FindLiveObjects: 33.910400 ms CreateObjectMapping: 64.835900 ms MarkObjects: 290.290100 ms  DeleteObjects: 2.857100 ms)

Unloading 0 Unused Serialized files (Serialized files now loaded: 0)
Unloading 101980 unused Assets to reduce memory usage. Loaded Objects now: 400000.
Total: 583.983100 ms (FindLiveObjects: 60.521900 ms CreateObjectMapping: 90.174200 ms MarkObjects: 339.607700 ms  DeleteObjects: 93.678900 ms)

Unloading 9 Unused Serialized files (Serialized files now loaded: 0)
[PhysX] Initialized MultithreadedTaskDispatcher with 4 workers.
UnloadTime: 27.035600 ms
Unloading 14 unused Assets to reduce memory usage. Loaded Objects now: 396810.
Total: 375.219900 ms (FindLiveObjects: 35.380700 ms CreateObjectMapping: 68.508300 ms MarkObjects: 268.979200 ms  DeleteObjects: 2.351300 ms)

Unloading 0 Unused Serialized files (Serialized files now loaded: 0)
Unloading 0 unused Assets to reduce memory usage. Loaded Objects now: 396875.
Total: 362.355000 ms (FindLiveObjects: 35.458800 ms CreateObjectMapping: 65.203600 ms MarkObjects: 259.649800 ms  DeleteObjects: 2.042400 ms)

Unloading 9 Unused Serialized files (Serialized files now loaded: 0)
[PhysX] Initialized MultithreadedTaskDispatcher with 4 workers.
UnloadTime: 19.057300 ms
Unloading 62 unused Assets to reduce memory usage. Loaded Objects now: 391412.
Total: 417.840800 ms (FindLiveObjects: 34.466900 ms CreateObjectMapping: 65.518200 ms MarkObjects: 315.502300 ms  DeleteObjects: 2.353000 ms)

Unloading 0 Unused Serialized files (Serialized files now loaded: 0)
Unloading 124473 unused Assets to reduce memory usage. Loaded Objects now: 399521.
Total: 629.360100 ms (FindLiveObjects: 65.525300 ms CreateObjectMapping: 92.784400 ms MarkObjects: 349.346300 ms  DeleteObjects: 121.703700 ms)

Unloading 9 Unused Serialized files (Serialized files now loaded: 0)
[PhysX] Initialized MultithreadedTaskDispatcher with 4 workers.
UnloadTime: 29.557700 ms
Unloading 14 unused Assets to reduce memory usage. Loaded Objects now: 396814.
Total: 428.283400 ms (FindLiveObjects: 36.130100 ms CreateObjectMapping: 68.789300 ms MarkObjects: 321.235600 ms  DeleteObjects: 2.128200 ms)

Unloading 0 Unused Serialized files (Serialized files now loaded: 0)
Unloading 0 unused Assets to reduce memory usage. Loaded Objects now: 396879.
Total: 418.781800 ms (FindLiveObjects: 34.920800 ms CreateObjectMapping: 66.220900 ms MarkObjects: 315.619900 ms  DeleteObjects: 2.019600 ms)

Unloading 9 Unused Serialized files (Serialized files now loaded: 0)
[PhysX] Initialized MultithreadedTaskDispatcher with 4 workers.
UnloadTime: 19.417400 ms
Unloading 66 unused Assets to reduce memory usage. Loaded Objects now: 391412.
Total: 406.672400 ms (FindLiveObjects: 33.861600 ms CreateObjectMapping: 66.159100 ms MarkObjects: 304.608600 ms  DeleteObjects: 2.042800 ms)

Unloading 0 Unused Serialized files (Serialized files now loaded: 0)
Unloading 92874 unused Assets to reduce memory usage. Loaded Objects now: 401284.
Total: 519.501200 ms (FindLiveObjects: 59.556600 ms CreateObjectMapping: 83.661600 ms MarkObjects: 308.056400 ms  DeleteObjects: 68.226300 ms)

Unloading 9 Unused Serialized files (Serialized files now loaded: 0)
[PhysX] Initialized MultithreadedTaskDispatcher with 4 workers.
UnloadTime: 26.852000 ms
Unloading 14 unused Assets to reduce memory usage. Loaded Objects now: 396817.
Total: 444.295900 ms (FindLiveObjects: 36.732300 ms CreateObjectMapping: 71.685300 ms MarkObjects: 333.499000 ms  DeleteObjects: 2.378900 ms)

Unloading 0 Unused Serialized files (Serialized files now loaded: 0)
Unloading 0 unused Assets to reduce memory usage. Loaded Objects now: 396882.
Total: 454.664700 ms (FindLiveObjects: 39.877200 ms CreateObjectMapping: 73.847600 ms MarkObjects: 338.697700 ms  DeleteObjects: 2.241500 ms)

Unloading 9 Unused Serialized files (Serialized files now loaded: 0)
[PhysX] Initialized MultithreadedTaskDispatcher with 4 workers.
UnloadTime: 22.749900 ms
Unloading 69 unused Assets to reduce memory usage. Loaded Objects now: 391412.
Total: 410.163400 ms (FindLiveObjects: 36.443700 ms CreateObjectMapping: 73.420900 ms MarkObjects: 298.206200 ms  DeleteObjects: 2.092200 ms)

Unloading 0 Unused Serialized files (Serialized files now loaded: 0)
Unloading 54788 unused Assets to reduce memory usage. Loaded Objects now: 400425.
Total: 487.348700 ms (FindLiveObjects: 54.917000 ms CreateObjectMapping: 76.942400 ms MarkObjects: 314.313600 ms  DeleteObjects: 41.175100 ms)

Unloading 9 Unused Serialized files (Serialized files now loaded: 0)
[PhysX] Initialized MultithreadedTaskDispatcher with 4 workers.
UnloadTime: 25.448400 ms
Unloading 14 unused Assets to reduce memory usage. Loaded Objects now: 396833.
Total: 413.643200 ms (FindLiveObjects: 36.688700 ms CreateObjectMapping: 67.587800 ms MarkObjects: 306.740000 ms  DeleteObjects: 2.626300 ms)

Unloading 0 Unused Serialized files (Serialized files now loaded: 0)
Unloading 0 unused Assets to reduce memory usage. Loaded Objects now: 396898.
Total: 408.230400 ms (FindLiveObjects: 35.538600 ms CreateObjectMapping: 64.216400 ms MarkObjects: 306.336000 ms  DeleteObjects: 2.139000 ms)

Unloading 9 Unused Serialized files (Serialized files now loaded: 0)
[PhysX] Initialized MultithreadedTaskDispatcher with 4 workers.
UnloadTime: 19.640500 ms
Unloading 85 unused Assets to reduce memory usage. Loaded Objects now: 391412.
Total: 393.549700 ms (FindLiveObjects: 34.148100 ms CreateObjectMapping: 66.355000 ms MarkObjects: 290.882600 ms  DeleteObjects: 2.163600 ms)

Unloading 0 Unused Serialized files (Serialized files now loaded: 0)
Unloading 296683 unused Assets to reduce memory usage. Loaded Objects now: 400580.
Total: 866.170900 ms (FindLiveObjects: 81.947700 ms CreateObjectMapping: 120.914800 ms MarkObjects: 336.483300 ms  DeleteObjects: 326.824700 ms)

Unloading 9 Unused Serialized files (Serialized files now loaded: 0)
[PhysX] Initialized MultithreadedTaskDispatcher with 4 workers.
UnloadTime: 28.127700 ms
Unloading 14 unused Assets to reduce memory usage. Loaded Objects now: 396810.
Total: 411.287300 ms (FindLiveObjects: 34.590200 ms CreateObjectMapping: 65.612100 ms MarkObjects: 308.787400 ms  DeleteObjects: 2.297300 ms)

Unloading 0 Unused Serialized files (Serialized files now loaded: 0)
Unloading 0 unused Assets to reduce memory usage. Loaded Objects now: 396875.
Total: 424.491900 ms (FindLiveObjects: 34.863000 ms CreateObjectMapping: 67.889400 ms MarkObjects: 319.666000 ms  DeleteObjects: 2.072900 ms)

Unloading 9 Unused Serialized files (Serialized files now loaded: 0)
[PhysX] Initialized MultithreadedTaskDispatcher with 4 workers.
UnloadTime: 19.329000 ms
Unloading 62 unused Assets to reduce memory usage. Loaded Objects now: 391412.
Total: 400.072700 ms (FindLiveObjects: 35.003800 ms CreateObjectMapping: 67.045400 ms MarkObjects: 295.817700 ms  DeleteObjects: 2.205400 ms)

Unloading 0 Unused Serialized files (Serialized files now loaded: 0)
Unloading 42934 unused Assets to reduce memory usage. Loaded Objects now: 401935.
Total: 467.488500 ms (FindLiveObjects: 47.082900 ms CreateObjectMapping: 80.336300 ms MarkObjects: 304.686400 ms  DeleteObjects: 35.382500 ms)

Unloading 9 Unused Serialized files (Serialized files now loaded: 0)
[PhysX] Initialized MultithreadedTaskDispatcher with 4 workers.
UnloadTime: 26.639700 ms
Unloading 14 unused Assets to reduce memory usage. Loaded Objects now: 396815.
Total: 358.382000 ms (FindLiveObjects: 37.654500 ms CreateObjectMapping: 70.902600 ms MarkObjects: 247.684100 ms  DeleteObjects: 2.140500 ms)

Unloading 0 Unused Serialized files (Serialized files now loaded: 0)
Unloading 0 unused Assets to reduce memory usage. Loaded Objects now: 396880.
Total: 438.469500 ms (FindLiveObjects: 42.287400 ms CreateObjectMapping: 70.473300 ms MarkObjects: 323.661000 ms  DeleteObjects: 2.047000 ms)

Unloading 9 Unused Serialized files (Serialized files now loaded: 0)
[PhysX] Initialized MultithreadedTaskDispatcher with 4 workers.
UnloadTime: 20.861000 ms
Unloading 67 unused Assets to reduce memory usage. Loaded Objects now: 391412.
Total: 420.969000 ms (FindLiveObjects: 38.220400 ms CreateObjectMapping: 74.923700 ms MarkObjects: 305.777800 ms  DeleteObjects: 2.046800 ms)

Unloading 0 Unused Serialized files (Serialized files now loaded: 0)
Unloading 373833 unused Assets to reduce memory usage. Loaded Objects now: 402803.
Total: 1007.863800 ms (FindLiveObjects: 98.554800 ms CreateObjectMapping: 153.056300 ms MarkObjects: 345.296800 ms  DeleteObjects: 410.955500 ms)

Unloading 9 Unused Serialized files (Serialized files now loaded: 0)
[PhysX] Initialized MultithreadedTaskDispatcher with 4 workers.
UnloadTime: 31.220800 ms
Unloading 14 unused Assets to reduce memory usage. Loaded Objects now: 396821.
Total: 349.493800 ms (FindLiveObjects: 36.183500 ms CreateObjectMapping: 70.306200 ms MarkObjects: 241.009200 ms  DeleteObjects: 1.994600 ms)

Unloading 0 Unused Serialized files (Serialized files now loaded: 0)
Unloading 0 unused Assets to reduce memory usage. Loaded Objects now: 396886.
Total: 360.514400 ms (FindLiveObjects: 35.247100 ms CreateObjectMapping: 67.189100 ms MarkObjects: 253.555700 ms  DeleteObjects: 4.521900 ms)

Unloading 9 Unused Serialized files (Serialized files now loaded: 0)
[PhysX] Initialized MultithreadedTaskDispatcher with 4 workers.
UnloadTime: 19.799900 ms
Unloading 73 unused Assets to reduce memory usage. Loaded Objects now: 391412.
Total: 432.384900 ms (FindLiveObjects: 37.116200 ms CreateObjectMapping: 66.661500 ms MarkObjects: 326.347700 ms  DeleteObjects: 2.259100 ms)

Unloading 0 Unused Serialized files (Serialized files now loaded: 0)
Unloading 1306 unused Assets to reduce memory usage. Loaded Objects now: 404470.
Total: 422.612000 ms (FindLiveObjects: 36.837100 ms CreateObjectMapping: 67.667900 ms MarkObjects: 314.652900 ms  DeleteObjects: 3.453300 ms)

Unloading 9 Unused Serialized files (Serialized files now loaded: 0)
[PhysX] Initialized MultithreadedTaskDispatcher with 4 workers.
UnloadTime: 28.861200 ms
Unloading 14 unused Assets to reduce memory usage. Loaded Objects now: 396785.
Total: 340.858500 ms (FindLiveObjects: 34.400400 ms CreateObjectMapping: 67.067400 ms MarkObjects: 237.027600 ms  DeleteObjects: 2.362900 ms)

Unloading 0 Unused Serialized files (Serialized files now loaded: 0)
Unloading 0 unused Assets to reduce memory usage. Loaded Objects now: 396850.
Total: 352.281600 ms (FindLiveObjects: 36.532900 ms CreateObjectMapping: 71.445600 ms MarkObjects: 241.649100 ms  DeleteObjects: 2.653700 ms)

Unloading 9 Unused Serialized files (Serialized files now loaded: 0)
[PhysX] Initialized MultithreadedTaskDispatcher with 4 workers.
UnloadTime: 22.404900 ms
Unloading 37 unused Assets to reduce memory usage. Loaded Objects now: 391412.
Total: 418.619900 ms (FindLiveObjects: 34.456600 ms CreateObjectMapping: 69.230600 ms MarkObjects: 312.854700 ms  DeleteObjects: 2.077600 ms)

Unloading 0 Unused Serialized files (Serialized files now loaded: 0)
Unloading 3142 unused Assets to reduce memory usage. Loaded Objects now: 406021.
Total: 426.309400 ms (FindLiveObjects: 42.455900 ms CreateObjectMapping: 72.704800 ms MarkObjects: 305.952900 ms  DeleteObjects: 5.195100 ms)

Unloading 9 Unused Serialized files (Serialized files now loaded: 0)
[PhysX] Initialized MultithreadedTaskDispatcher with 4 workers.
UnloadTime: 34.332500 ms
Unloading 14 unused Assets to reduce memory usage. Loaded Objects now: 396792.
Total: 443.922000 ms (FindLiveObjects: 39.109400 ms CreateObjectMapping: 67.855100 ms MarkObjects: 334.827600 ms  DeleteObjects: 2.129700 ms)

Unloading 0 Unused Serialized files (Serialized files now loaded: 0)
Unloading 0 unused Assets to reduce memory usage. Loaded Objects now: 396857.
Total: 461.107600 ms (FindLiveObjects: 34.534700 ms CreateObjectMapping: 64.279200 ms MarkObjects: 359.986700 ms  DeleteObjects: 2.306300 ms)

Unloading 9 Unused Serialized files (Serialized files now loaded: 0)
[PhysX] Initialized MultithreadedTaskDispatcher with 4 workers.
UnloadTime: 22.267600 ms
Unloading 44 unused Assets to reduce memory usage. Loaded Objects now: 391412.
Total: 463.387100 ms (FindLiveObjects: 34.578600 ms CreateObjectMapping: 70.231100 ms MarkObjects: 356.417000 ms  DeleteObjects: 2.160100 ms)

Unloading 0 Unused Serialized files (Serialized files now loaded: 0)
Unloading 1617 unused Assets to reduce memory usage. Loaded Objects now: 403068.
Total: 406.661100 ms (FindLiveObjects: 35.886800 ms CreateObjectMapping: 68.508800 ms MarkObjects: 298.883100 ms  DeleteObjects: 3.382100 ms)

Unloading 9 Unused Serialized files (Serialized files now loaded: 0)
[PhysX] Initialized MultithreadedTaskDispatcher with 4 workers.
UnloadTime: 29.190400 ms
Unloading 14 unused Assets to reduce memory usage. Loaded Objects now: 396789.
Total: 437.459400 ms (FindLiveObjects: 36.782700 ms CreateObjectMapping: 68.941500 ms MarkObjects: 329.435100 ms  DeleteObjects: 2.299700 ms)

Unloading 0 Unused Serialized files (Serialized files now loaded: 0)
Unloading 0 unused Assets to reduce memory usage. Loaded Objects now: 396854.
Total: 428.860900 ms (FindLiveObjects: 36.455100 ms CreateObjectMapping: 68.958000 ms MarkObjects: 320.906200 ms  DeleteObjects: 2.541200 ms)

Unloading 9 Unused Serialized files (Serialized files now loaded: 0)
[PhysX] Initialized MultithreadedTaskDispatcher with 4 workers.
UnloadTime: 21.632400 ms
Unloading 41 unused Assets to reduce memory usage. Loaded Objects now: 391412.
Total: 396.317300 ms (FindLiveObjects: 34.371700 ms CreateObjectMapping: 64.653100 ms MarkObjects: 294.155400 ms  DeleteObjects: 3.136700 ms)

Unloading 0 Unused Serialized files (Serialized files now loaded: 0)
Unloading 150635 unused Assets to reduce memory usage. Loaded Objects now: 401871.
Total: 622.061100 ms (FindLiveObjects: 56.951900 ms CreateObjectMapping: 99.967800 ms MarkObjects: 318.522400 ms  DeleteObjects: 146.618600 ms)

Unloading 9 Unused Serialized files (Serialized files now loaded: 0)
[PhysX] Initialized MultithreadedTaskDispatcher with 4 workers.
UnloadTime: 27.911700 ms
Unloading 20 unused Assets to reduce memory usage. Loaded Objects now: 396808.
Total: 449.109000 ms (FindLiveObjects: 45.753200 ms CreateObjectMapping: 66.614800 ms MarkObjects: 334.314500 ms  DeleteObjects: 2.426100 ms)

Unloading 0 Unused Serialized files (Serialized files now loaded: 0)
Unloading 0 unused Assets to reduce memory usage. Loaded Objects now: 396873.
Total: 433.909800 ms (FindLiveObjects: 36.442700 ms CreateObjectMapping: 65.923700 ms MarkObjects: 329.314800 ms  DeleteObjects: 2.228100 ms)

Unloading 9 Unused Serialized files (Serialized files now loaded: 0)
[PhysX] Initialized MultithreadedTaskDispatcher with 4 workers.
UnloadTime: 21.843000 ms
Unloading 60 unused Assets to reduce memory usage. Loaded Objects now: 391412.
Total: 401.751600 ms (FindLiveObjects: 33.486400 ms CreateObjectMapping: 68.863100 ms MarkObjects: 296.961000 ms  DeleteObjects: 2.440900 ms)

Unloading 0 Unused Serialized files (Serialized files now loaded: 0)
Unloading 36520 unused Assets to reduce memory usage. Loaded Objects now: 402404.
Total: 457.491100 ms (FindLiveObjects: 41.298900 ms CreateObjectMapping: 75.072400 ms MarkObjects: 309.628300 ms  DeleteObjects: 31.491200 ms)

Unloading 9 Unused Serialized files (Serialized files now loaded: 0)
[PhysX] Initialized MultithreadedTaskDispatcher with 4 workers.
UnloadTime: 29.775100 ms
Unloading 14 unused Assets to reduce memory usage. Loaded Objects now: 396812.
Total: 421.665100 ms (FindLiveObjects: 34.867500 ms CreateObjectMapping: 68.662600 ms MarkObjects: 316.197100 ms  DeleteObjects: 1.937700 ms)

Unloading 0 Unused Serialized files (Serialized files now loaded: 0)
Unloading 0 unused Assets to reduce memory usage. Loaded Objects now: 396877.
Total: 449.859500 ms (FindLiveObjects: 36.893400 ms CreateObjectMapping: 66.755800 ms MarkObjects: 344.212400 ms  DeleteObjects: 1.997300 ms)

Unloading 9 Unused Serialized files (Serialized files now loaded: 0)
[PhysX] Initialized MultithreadedTaskDispatcher with 4 workers.
UnloadTime: 20.263400 ms
Unloading 64 unused Assets to reduce memory usage. Loaded Objects now: 391412.
Total: 436.576400 ms (FindLiveObjects: 35.796100 ms CreateObjectMapping: 68.788900 ms MarkObjects: 329.825500 ms  DeleteObjects: 2.165600 ms)

Unloading 0 Unused Serialized files (Serialized files now loaded: 0)
Unloading 86448 unused Assets to reduce memory usage. Loaded Objects now: 399585.
Total: 565.143000 ms (FindLiveObjects: 59.209300 ms CreateObjectMapping: 84.744700 ms MarkObjects: 350.531500 ms  DeleteObjects: 70.656900 ms)

Unloading 9 Unused Serialized files (Serialized files now loaded: 0)
[PhysX] Initialized MultithreadedTaskDispatcher with 4 workers.
UnloadTime: 26.724800 ms
Unloading 14 unused Assets to reduce memory usage. Loaded Objects now: 396827.
Total: 418.660600 ms (FindLiveObjects: 35.029300 ms CreateObjectMapping: 67.224400 ms MarkObjects: 314.101300 ms  DeleteObjects: 2.305400 ms)

Unloading 0 Unused Serialized files (Serialized files now loaded: 0)
Unloading 0 unused Assets to reduce memory usage. Loaded Objects now: 396892.
Total: 435.411300 ms (FindLiveObjects: 37.796900 ms CreateObjectMapping: 65.220400 ms MarkObjects: 330.083600 ms  DeleteObjects: 2.310100 ms)

Unloading 9 Unused Serialized files (Serialized files now loaded: 0)
[PhysX] Initialized MultithreadedTaskDispatcher with 4 workers.
UnloadTime: 23.292700 ms
Unloading 79 unused Assets to reduce memory usage. Loaded Objects now: 391412.
Total: 401.962500 ms (FindLiveObjects: 35.008500 ms CreateObjectMapping: 68.065400 ms MarkObjects: 296.597100 ms  DeleteObjects: 2.291000 ms)

Unloading 0 Unused Serialized files (Serialized files now loaded: 0)
Unloading 233331 unused Assets to reduce memory usage. Loaded Objects now: 400802.
Total: 751.621800 ms (FindLiveObjects: 76.266300 ms CreateObjectMapping: 108.354200 ms MarkObjects: 325.879900 ms  DeleteObjects: 241.121100 ms)

Unloading 9 Unused Serialized files (Serialized files now loaded: 0)
[PhysX] Initialized MultithreadedTaskDispatcher with 4 workers.
UnloadTime: 30.036900 ms
Unloading 17 unused Assets to reduce memory usage. Loaded Objects now: 396806.
Total: 437.932400 ms (FindLiveObjects: 34.702100 ms CreateObjectMapping: 72.424600 ms MarkObjects: 328.760500 ms  DeleteObjects: 2.044500 ms)

Unloading 0 Unused Serialized files (Serialized files now loaded: 0)
Unloading 0 unused Assets to reduce memory usage. Loaded Objects now: 396871.
Total: 425.266900 ms (FindLiveObjects: 37.570400 ms CreateObjectMapping: 65.374100 ms MarkObjects: 320.054400 ms  DeleteObjects: 2.267700 ms)

Unloading 9 Unused Serialized files (Serialized files now loaded: 0)
[PhysX] Initialized MultithreadedTaskDispatcher with 4 workers.
UnloadTime: 19.256700 ms
Unloading 58 unused Assets to reduce memory usage. Loaded Objects now: 391412.
Total: 407.427300 ms (FindLiveObjects: 34.115300 ms CreateObjectMapping: 69.808700 ms MarkObjects: 301.195100 ms  DeleteObjects: 2.307900 ms)

Unloading 0 Unused Serialized files (Serialized files now loaded: 0)
Unloading 284206 unused Assets to reduce memory usage. Loaded Objects now: 400487.
Total: 810.504700 ms (FindLiveObjects: 75.249200 ms CreateObjectMapping: 114.994100 ms MarkObjects: 314.722300 ms  DeleteObjects: 305.538600 ms)

Unloading 7 Unused Serialized files (Serialized files now loaded: 0)
[PhysX] Initialized MultithreadedTaskDispatcher with 4 workers.
UnloadTime: 29.336200 ms
Unloading 37 unused Assets to reduce memory usage. Loaded Objects now: 388857.
Total: 419.973400 ms (FindLiveObjects: 34.580200 ms CreateObjectMapping: 68.916500 ms MarkObjects: 313.674800 ms  DeleteObjects: 2.801700 ms)

Unloading 0 Unused Serialized files (Serialized files now loaded: 0)
Unloading 0 unused Assets to reduce memory usage. Loaded Objects now: 389479.
Total: 432.616100 ms (FindLiveObjects: 34.495200 ms CreateObjectMapping: 66.617200 ms MarkObjects: 329.461300 ms  DeleteObjects: 2.042100 ms)

Unloading 9 Unused Serialized files (Serialized files now loaded: 0)
[PhysX] Initialized MultithreadedTaskDispatcher with 4 workers.
UnloadTime: 13.255500 ms
Unloading 15 unused Assets to reduce memory usage. Loaded Objects now: 396809.
Total: 375.302500 ms (FindLiveObjects: 36.730400 ms CreateObjectMapping: 68.498000 ms MarkObjects: 267.432800 ms  DeleteObjects: 2.640800 ms)

Unloading 0 Unused Serialized files (Serialized files now loaded: 0)
Unloading 0 unused Assets to reduce memory usage. Loaded Objects now: 397879.
Total: 388.359800 ms (FindLiveObjects: 37.268800 ms CreateObjectMapping: 73.107500 ms MarkObjects: 275.848000 ms  DeleteObjects: 2.135100 ms)

Unloading 9 Unused Serialized files (Serialized files now loaded: 0)
[PhysX] Initialized MultithreadedTaskDispatcher with 4 workers.
UnloadTime: 23.245900 ms
Unloading 25 unused Assets to reduce memory usage. Loaded Objects now: 391463.
Total: 431.255200 ms (FindLiveObjects: 35.894900 ms CreateObjectMapping: 74.029500 ms MarkObjects: 319.090200 ms  DeleteObjects: 2.240000 ms)

Unloading 0 Unused Serialized files (Serialized files now loaded: 0)
Unloading 1074 unused Assets to reduce memory usage. Loaded Objects now: 408426.
Total: 437.890100 ms (FindLiveObjects: 40.617700 ms CreateObjectMapping: 74.073600 ms MarkObjects: 320.163900 ms  DeleteObjects: 3.034700 ms)

Unloading 9 Unused Serialized files (Serialized files now loaded: 0)
[PhysX] Initialized MultithreadedTaskDispatcher with 4 workers.
UnloadTime: 35.689200 ms
Unloading 14 unused Assets to reduce memory usage. Loaded Objects now: 396784.
Total: 451.253500 ms (FindLiveObjects: 38.686400 ms CreateObjectMapping: 68.107200 ms MarkObjects: 342.296300 ms  DeleteObjects: 2.163300 ms)

Unloading 0 Unused Serialized files (Serialized files now loaded: 0)
Unloading 0 unused Assets to reduce memory usage. Loaded Objects now: 396849.
Total: 418.116600 ms (FindLiveObjects: 35.278600 ms CreateObjectMapping: 67.174400 ms MarkObjects: 313.686200 ms  DeleteObjects: 1.976900 ms)

Unloading 9 Unused Serialized files (Serialized files now loaded: 0)
[PhysX] Initialized MultithreadedTaskDispatcher with 4 workers.
UnloadTime: 22.871500 ms
Unloading 22 unused Assets to reduce memory usage. Loaded Objects now: 391426.
Total: 417.302000 ms (FindLiveObjects: 35.679200 ms CreateObjectMapping: 66.872000 ms MarkObjects: 312.492000 ms  DeleteObjects: 2.258500 ms)

Unloading 0 Unused Serialized files (Serialized files now loaded: 0)
Unloading 149868 unused Assets to reduce memory usage. Loaded Objects now: 397555.
Total: 628.004400 ms (FindLiveObjects: 65.333200 ms CreateObjectMapping: 89.405800 ms MarkObjects: 326.039200 ms  DeleteObjects: 147.225900 ms)

Unloading 7 Unused Serialized files (Serialized files now loaded: 0)
[PhysX] Initialized MultithreadedTaskDispatcher with 4 workers.
UnloadTime: 21.645500 ms
Unloading 50 unused Assets to reduce memory usage. Loaded Objects now: 388857.
Total: 415.752700 ms (FindLiveObjects: 45.486800 ms CreateObjectMapping: 67.418700 ms MarkObjects: 300.556800 ms  DeleteObjects: 2.290100 ms)

Unloading 0 Unused Serialized files (Serialized files now loaded: 0)
Unloading 0 unused Assets to reduce memory usage. Loaded Objects now: 390263.
Total: 428.183700 ms (FindLiveObjects: 37.816200 ms CreateObjectMapping: 68.246500 ms MarkObjects: 320.155100 ms  DeleteObjects: 1.965400 ms)

Unloading 9 Unused Serialized files (Serialized files now loaded: 0)
[PhysX] Initialized MultithreadedTaskDispatcher with 4 workers.
UnloadTime: 12.865300 ms
Unloading 15 unused Assets to reduce memory usage. Loaded Objects now: 396809.
Total: 410.874200 ms (FindLiveObjects: 34.454400 ms CreateObjectMapping: 67.142800 ms MarkObjects: 307.249900 ms  DeleteObjects: 2.026800 ms)

Unloading 0 Unused Serialized files (Serialized files now loaded: 0)
Unloading 0 unused Assets to reduce memory usage. Loaded Objects now: 397947.
Total: 453.780900 ms (FindLiveObjects: 37.946600 ms CreateObjectMapping: 70.609500 ms MarkObjects: 342.946400 ms  DeleteObjects: 2.278100 ms)

Unloading 9 Unused Serialized files (Serialized files now loaded: 0)
[PhysX] Initialized MultithreadedTaskDispatcher with 4 workers.
UnloadTime: 25.965800 ms
Unloading 29 unused Assets to reduce memory usage. Loaded Objects now: 391459.
Total: 419.650800 ms (FindLiveObjects: 37.263500 ms CreateObjectMapping: 74.723400 ms MarkObjects: 305.634000 ms  DeleteObjects: 2.029600 ms)

Unloading 0 Unused Serialized files (Serialized files now loaded: 0)
Unloading 114794 unused Assets to reduce memory usage. Loaded Objects now: 406553.
Total: 601.016400 ms (FindLiveObjects: 61.288500 ms CreateObjectMapping: 93.037700 ms MarkObjects: 338.802600 ms  DeleteObjects: 107.887500 ms)

Unloading 9 Unused Serialized files (Serialized files now loaded: 0)
[PhysX] Initialized MultithreadedTaskDispatcher with 4 workers.
UnloadTime: 37.056400 ms
Unloading 18 unused Assets to reduce memory usage. Loaded Objects now: 396831.
Total: 424.788400 ms (FindLiveObjects: 34.596100 ms CreateObjectMapping: 66.163700 ms MarkObjects: 321.685200 ms  DeleteObjects: 2.343100 ms)

Unloading 0 Unused Serialized files (Serialized files now loaded: 0)
Unloading 0 unused Assets to reduce memory usage. Loaded Objects now: 396918.
Total: 444.408400 ms (FindLiveObjects: 34.747400 ms CreateObjectMapping: 64.431400 ms MarkObjects: 343.231600 ms  DeleteObjects: 1.997600 ms)

Unloading 9 Unused Serialized files (Serialized files now loaded: 0)
[PhysX] Initialized MultithreadedTaskDispatcher with 4 workers.
UnloadTime: 20.259900 ms
Unloading 37 unused Assets to reduce memory usage. Loaded Objects now: 391458.
Total: 400.081000 ms (FindLiveObjects: 34.313400 ms CreateObjectMapping: 66.330300 ms MarkObjects: 297.396900 ms  DeleteObjects: 2.040200 ms)

Unloading 0 Unused Serialized files (Serialized files now loaded: 0)
Unloading 211829 unused Assets to reduce memory usage. Loaded Objects now: 400660.
Total: 729.729700 ms (FindLiveObjects: 78.452300 ms CreateObjectMapping: 106.821500 ms MarkObjects: 323.260200 ms  DeleteObjects: 221.195400 ms)

Unloading 7 Unused Serialized files (Serialized files now loaded: 0)
[PhysX] Initialized MultithreadedTaskDispatcher with 4 workers.
UnloadTime: 31.691600 ms
Unloading 37 unused Assets to reduce memory usage. Loaded Objects now: 388904.
Total: 450.619100 ms (FindLiveObjects: 36.240700 ms CreateObjectMapping: 67.750400 ms MarkObjects: 344.207000 ms  DeleteObjects: 2.420700 ms)

Unloading 0 Unused Serialized files (Serialized files now loaded: 0)
Unloading 0 unused Assets to reduce memory usage. Loaded Objects now: 389898.
Total: 438.000900 ms (FindLiveObjects: 34.648500 ms CreateObjectMapping: 65.017300 ms MarkObjects: 336.217800 ms  DeleteObjects: 2.116700 ms)

Unloading 9 Unused Serialized files (Serialized files now loaded: 0)
[PhysX] Initialized MultithreadedTaskDispatcher with 4 workers.
UnloadTime: 11.810200 ms
Unloading 15 unused Assets to reduce memory usage. Loaded Objects now: 396856.
Total: 433.637700 ms (FindLiveObjects: 34.251300 ms CreateObjectMapping: 66.156700 ms MarkObjects: 330.265300 ms  DeleteObjects: 2.964000 ms)

Unloading 0 Unused Serialized files (Serialized files now loaded: 0)
Unloading 46 unused Assets to reduce memory usage. Loaded Objects now: 397908.
Total: 462.525800 ms (FindLiveObjects: 47.502800 ms CreateObjectMapping: 66.312000 ms MarkObjects: 346.608400 ms  DeleteObjects: 2.102200 ms)

Unloading 9 Unused Serialized files (Serialized files now loaded: 0)
[PhysX] Initialized MultithreadedTaskDispatcher with 4 workers.
UnloadTime: 23.640800 ms
Unloading 24 unused Assets to reduce memory usage. Loaded Objects now: 391465.
Total: 410.447600 ms (FindLiveObjects: 35.334500 ms CreateObjectMapping: 69.610400 ms MarkObjects: 303.213000 ms  DeleteObjects: 2.289200 ms)

Unloading 0 Unused Serialized files (Serialized files now loaded: 0)
Unloading 958 unused Assets to reduce memory usage. Loaded Objects now: 399740.
Total: 435.070400 ms (FindLiveObjects: 36.005400 ms CreateObjectMapping: 67.533500 ms MarkObjects: 328.194900 ms  DeleteObjects: 3.336400 ms)

Unloading 9 Unused Serialized files (Serialized files now loaded: 0)
[PhysX] Initialized MultithreadedTaskDispatcher with 4 workers.
UnloadTime: 21.474700 ms
Unloading 14 unused Assets to reduce memory usage. Loaded Objects now: 396784.
Total: 372.258600 ms (FindLiveObjects: 40.135600 ms CreateObjectMapping: 73.745900 ms MarkObjects: 255.966900 ms  DeleteObjects: 2.409700 ms)

Unloading 0 Unused Serialized files (Serialized files now loaded: 0)
Unloading 0 unused Assets to reduce memory usage. Loaded Objects now: 396871.
Total: 344.992700 ms (FindLiveObjects: 35.172000 ms CreateObjectMapping: 71.143400 ms MarkObjects: 236.438000 ms  DeleteObjects: 2.239000 ms)

Unloading 9 Unused Serialized files (Serialized files now loaded: 0)
[PhysX] Initialized MultithreadedTaskDispatcher with 4 workers.
UnloadTime: 21.116200 ms
Unloading 24 unused Assets to reduce memory usage. Loaded Objects now: 391424.
Total: 425.589500 ms (FindLiveObjects: 35.485100 ms CreateObjectMapping: 74.344500 ms MarkObjects: 312.993200 ms  DeleteObjects: 2.766300 ms)

Unloading 0 Unused Serialized files (Serialized files now loaded: 0)
Unloading 973 unused Assets to reduce memory usage. Loaded Objects now: 399762.
Total: 429.552900 ms (FindLiveObjects: 37.178800 ms CreateObjectMapping: 72.097000 ms MarkObjects: 317.419000 ms  DeleteObjects: 2.858000 ms)

Unloading 9 Unused Serialized files (Serialized files now loaded: 0)
[PhysX] Initialized MultithreadedTaskDispatcher with 4 workers.
UnloadTime: 23.447000 ms
Unloading 14 unused Assets to reduce memory usage. Loaded Objects now: 396796.
Total: 421.657300 ms (FindLiveObjects: 36.634600 ms CreateObjectMapping: 67.875800 ms MarkObjects: 314.650900 ms  DeleteObjects: 2.495800 ms)

Unloading 0 Unused Serialized files (Serialized files now loaded: 0)
Unloading 0 unused Assets to reduce memory usage. Loaded Objects now: 396883.
Total: 416.498100 ms (FindLiveObjects: 38.960600 ms CreateObjectMapping: 65.853800 ms MarkObjects: 309.569800 ms  DeleteObjects: 2.113500 ms)

Unloading 9 Unused Serialized files (Serialized files now loaded: 0)
[PhysX] Initialized MultithreadedTaskDispatcher with 4 workers.
UnloadTime: 22.344200 ms
Unloading 36 unused Assets to reduce memory usage. Loaded Objects now: 391424.
Total: 416.566500 ms (FindLiveObjects: 36.396800 ms CreateObjectMapping: 66.417300 ms MarkObjects: 311.625000 ms  DeleteObjects: 2.127200 ms)

Unloading 0 Unused Serialized files (Serialized files now loaded: 0)
Unloading 11013 unused Assets to reduce memory usage. Loaded Objects now: 398873.
Total: 422.054200 ms (FindLiveObjects: 36.177600 ms CreateObjectMapping: 69.005400 ms MarkObjects: 306.128800 ms  DeleteObjects: 10.742100 ms)

Unloading 9 Unused Serialized files (Serialized files now loaded: 0)
[PhysX] Initialized MultithreadedTaskDispatcher with 4 workers.
UnloadTime: 23.334700 ms
Unloading 14 unused Assets to reduce memory usage. Loaded Objects now: 396805.
Total: 412.169100 ms (FindLiveObjects: 36.324100 ms CreateObjectMapping: 66.231700 ms MarkObjects: 307.550900 ms  DeleteObjects: 2.062100 ms)

Unloading 0 Unused Serialized files (Serialized files now loaded: 0)
Unloading 0 unused Assets to reduce memory usage. Loaded Objects now: 396892.
Total: 418.401700 ms (FindLiveObjects: 36.370800 ms CreateObjectMapping: 66.516000 ms MarkObjects: 312.900900 ms  DeleteObjects: 2.613600 ms)

Unloading 9 Unused Serialized files (Serialized files now loaded: 0)
[PhysX] Initialized MultithreadedTaskDispatcher with 4 workers.
UnloadTime: 19.887000 ms
Unloading 45 unused Assets to reduce memory usage. Loaded Objects now: 391424.
Total: 393.795000 ms (FindLiveObjects: 34.169000 ms CreateObjectMapping: 64.462300 ms MarkObjects: 293.082900 ms  DeleteObjects: 2.080600 ms)

Unloading 0 Unused Serialized files (Serialized files now loaded: 0)
Unloading 17165 unused Assets to reduce memory usage. Loaded Objects now: 399330.
Total: 461.624600 ms (FindLiveObjects: 50.599700 ms CreateObjectMapping: 73.380100 ms MarkObjects: 322.282900 ms  DeleteObjects: 15.361700 ms)

Unloading 8 Unused Serialized files (Serialized files now loaded: 0)
[PhysX] Initialized MultithreadedTaskDispatcher with 4 workers.
UnloadTime: 25.529900 ms
Unloading 34 unused Assets to reduce memory usage. Loaded Objects now: 389055.
Total: 419.656200 ms (FindLiveObjects: 36.720300 ms CreateObjectMapping: 68.341000 ms MarkObjects: 312.304600 ms  DeleteObjects: 2.290100 ms)

Unloading 0 Unused Serialized files (Serialized files now loaded: 0)
Unloading 0 unused Assets to reduce memory usage. Loaded Objects now: 389567.
Total: 440.690400 ms (FindLiveObjects: 37.792200 ms CreateObjectMapping: 74.458400 ms MarkObjects: 325.979300 ms  DeleteObjects: 2.460100 ms)

Unloading 7 Unused Serialized files (Serialized files now loaded: 0)
[PhysX] Initialized MultithreadedTaskDispatcher with 4 workers.
UnloadTime: 13.333500 ms
Unloading 13 unused Assets to reduce memory usage. Loaded Objects now: 387125.
Total: 404.015300 ms (FindLiveObjects: 35.028900 ms CreateObjectMapping: 66.692100 ms MarkObjects: 299.679100 ms  DeleteObjects: 2.614800 ms)

Unloading 1 Unused Serialized files (Serialized files now loaded: 0)
Unloading 1 unused Assets to reduce memory usage. Loaded Objects now: 387144.
Total: 456.769600 ms (FindLiveObjects: 35.156000 ms CreateObjectMapping: 67.964200 ms MarkObjects: 351.437100 ms  DeleteObjects: 2.211900 ms)

Unloading 7 Unused Serialized files (Serialized files now loaded: 0)
[PhysX] Initialized MultithreadedTaskDispatcher with 4 workers.
UnloadTime: 10.087000 ms
Unloading 131 unused Assets to reduce memory usage. Loaded Objects now: 403426.
Total: 414.507200 ms (FindLiveObjects: 37.912800 ms CreateObjectMapping: 70.984600 ms MarkObjects: 303.188900 ms  DeleteObjects: 2.420300 ms)

Unloading 0 Unused Serialized files (Serialized files now loaded: 0)
Unloading 0 unused Assets to reduce memory usage. Loaded Objects now: 408313.
Total: 418.853900 ms (FindLiveObjects: 38.319600 ms CreateObjectMapping: 68.343600 ms MarkObjects: 309.840800 ms  DeleteObjects: 2.349500 ms)

Unloading 6 Unused Serialized files (Serialized files now loaded: 0)
[PhysX] Initialized MultithreadedTaskDispatcher with 4 workers.
UnloadTime: 33.518500 ms
Unloading 44 unused Assets to reduce memory usage. Loaded Objects now: 384581.
Total: 418.193300 ms (FindLiveObjects: 33.018700 ms CreateObjectMapping: 69.240200 ms MarkObjects: 313.768100 ms  DeleteObjects: 2.166100 ms)

Unloading 0 Unused Serialized files (Serialized files now loaded: 0)
Unloading 0 unused Assets to reduce memory usage. Loaded Objects now: 384581.
Total: 410.084400 ms (FindLiveObjects: 32.798600 ms CreateObjectMapping: 65.297100 ms MarkObjects: 309.053600 ms  DeleteObjects: 2.934600 ms)

Unloading 5 Unused Serialized files (Serialized files now loaded: 0)
[PhysX] Initialized MultithreadedTaskDispatcher with 4 workers.
UnloadTime: 7.464400 ms
Unloading 39 unused Assets to reduce memory usage. Loaded Objects now: 384722.
Total: 399.735500 ms (FindLiveObjects: 32.164100 ms CreateObjectMapping: 65.225300 ms MarkObjects: 300.082000 ms  DeleteObjects: 2.263900 ms)

Unloading 0 Unused Serialized files (Serialized files now loaded: 0)
Unloading 0 unused Assets to reduce memory usage. Loaded Objects now: 384722.
Total: 428.007400 ms (FindLiveObjects: 34.469200 ms CreateObjectMapping: 70.137000 ms MarkObjects: 321.345000 ms  DeleteObjects: 2.055300 ms)

Unloading 9 Unused Serialized files (Serialized files now loaded: 0)
[PhysX] Initialized MultithreadedTaskDispatcher with 4 workers.
UnloadTime: 8.111300 ms
Unloading 2 unused Assets to reduce memory usage. Loaded Objects now: 397007.
Total: 423.162000 ms (FindLiveObjects: 37.139500 ms CreateObjectMapping: 69.308800 ms MarkObjects: 314.556800 ms  DeleteObjects: 2.156700 ms)

Unloading 0 Unused Serialized files (Serialized files now loaded: 0)
Unloading 0 unused Assets to reduce memory usage. Loaded Objects now: 397050.
Total: 438.729200 ms (FindLiveObjects: 35.029500 ms CreateObjectMapping: 66.852800 ms MarkObjects: 334.654700 ms  DeleteObjects: 2.191900 ms)

Unloading 9 Unused Serialized files (Serialized files now loaded: 0)
[PhysX] Initialized MultithreadedTaskDispatcher with 4 workers.
UnloadTime: 24.396600 ms
Unloading 25 unused Assets to reduce memory usage. Loaded Objects now: 392330.
Total: 433.062300 ms (FindLiveObjects: 35.868700 ms CreateObjectMapping: 74.602800 ms MarkObjects: 320.403800 ms  DeleteObjects: 2.186700 ms)

Unloading 0 Unused Serialized files (Serialized files now loaded: 0)
Unloading 9720 unused Assets to reduce memory usage. Loaded Objects now: 396989.
Total: 443.022400 ms (FindLiveObjects: 48.793100 ms CreateObjectMapping: 72.866700 ms MarkObjects: 311.373200 ms  DeleteObjects: 9.989100 ms)

Unloading 7 Unused Serialized files (Serialized files now loaded: 0)
[PhysX] Initialized MultithreadedTaskDispatcher with 4 workers.
UnloadTime: 17.414500 ms
Unloading 200 unused Assets to reduce memory usage. Loaded Objects now: 388868.
Total: 423.446700 ms (FindLiveObjects: 37.102800 ms CreateObjectMapping: 74.472400 ms MarkObjects: 308.646800 ms  DeleteObjects: 3.224200 ms)

Unloading 0 Unused Serialized files (Serialized files now loaded: 0)
Unloading 96 unused Assets to reduce memory usage. Loaded Objects now: 389824.
Total: 428.254500 ms (FindLiveObjects: 36.914500 ms CreateObjectMapping: 69.591000 ms MarkObjects: 319.339600 ms  DeleteObjects: 2.409200 ms)

Unloading 9 Unused Serialized files (Serialized files now loaded: 0)
[PhysX] Initialized MultithreadedTaskDispatcher with 4 workers.
UnloadTime: 13.217200 ms
Crash!!!
SymInit: Symbol-SearchPath: '.;C:\Program Files (x86)\Steam\steamapps\common\Across the Obelisk;C:/Program Files (x86)/Steam/steamapps/common/Across the Obelisk/AcrossTheObelisk_Data/Plugins\x86_64;C:/Program Files (x86)/Steam/steamapps/common/Across the Obelisk/AcrossTheObelisk_Data/Plugins;C:\Program Files (x86)\Steam\steamapps\common\Across the Obelisk;C:\WINDOWS;C:\WINDOWS\system32;', symOptions: 534, UserName: 'choue'
OS-Version: 10.0.0
C:\Program Files (x86)\Steam\steamapps\common\Across the Obelisk\AcrossTheObelisk.exe:AcrossTheObelisk.exe (00007FF6AA110000), size: 688128 (result: 0), SymType: '-deferred-', PDB: '', fileVersion: 2022.3.62.28864
C:\WINDOWS\SYSTEM32\ntdll.dll:ntdll.dll (00007FFC0ADB0000), size: 2064384 (result: 0), SymType: '-deferred-', PDB: '', fileVersion: 10.0.19041.6456
C:\Program Files\Avast Software\Avast\aswhook.dll:aswhook.dll (00007FFBA2B30000), size: 135168 (result: 0), SymType: '-deferred-', PDB: '', fileVersion: 26.7.11086.0
C:\WINDOWS\System32\KERNEL32.DLL:KERNEL32.DLL (00007FFC0A3D0000), size: 794624 (result: 0), SymType: '-deferred-', PDB: '', fileVersion: 10.0.19041.5915
C:\WINDOWS\System32\KERNELBASE.dll:KERNELBASE.dll (00007FFC08490000), size: 3104768 (result: 0), SymType: '-deferred-', PDB: '', fileVersion: 10.0.19041.6280
C:\Program Files (x86)\Steam\steamapps\common\Across the Obelisk\UnityPlayer.dll:UnityPlayer.dll (00007FFB25070000), size: 31965184 (result: 0), SymType: '-deferred-', PDB: '', fileVersion: 2022.3.62.28864
C:\WINDOWS\System32\USER32.dll:USER32.dll (00007FFC08EA0000), size: 1708032 (result: 0), SymType: '-deferred-', PDB: '', fileVersion: 10.0.19041.6456
C:\WINDOWS\System32\win32u.dll:win32u.dll (00007FFC08B00000), size: 139264 (result: 0), SymType: '-deferred-', PDB: '', fileVersion: 10.0.19041.6456
C:\WINDOWS\System32\GDI32.dll:GDI32.dll (00007FFC0A040000), size: 176128 (result: 0), SymType: '-deferred-', PDB: '', fileVersion: 10.0.19041.6157
C:\WINDOWS\System32\gdi32full.dll:gdi32full.dll (00007FFC08B30000), size: 1150976 (result: 0), SymType: '-deferred-', PDB: '', fileVersion: 10.0.19041.6157
C:\WINDOWS\System32\msvcp_win.dll:msvcp_win.dll (00007FFC08D30000), size: 643072 (result: 0), SymType: '-deferred-', PDB: '', fileVersion: 10.0.19041.3636
C:\WINDOWS\System32\ucrtbase.dll:ucrtbase.dll (00007FFC08970000), size: 1048576 (result: 0), SymType: '-deferred-', PDB: '', fileVersion: 10.0.19041.3636
C:\WINDOWS\System32\ole32.dll:ole32.dll (00007FFC0A760000), size: 1224704 (result: 0), SymType: '-deferred-', PDB: '', fileVersion: 10.0.19041.5915
C:\WINDOWS\System32\RPCRT4.dll:RPCRT4.dll (00007FFC0A150000), size: 1179648 (result: 0), SymType: '-deferred-', PDB: '', fileVersion: 10.0.19041.6280
C:\WINDOWS\System32\combase.dll:combase.dll (00007FFC0AA10000), size: 3489792 (result: 0), SymType: '-deferred-', PDB: '', fileVersion: 10.0.19041.6456
C:\WINDOWS\System32\SHLWAPI.dll:SHLWAPI.dll (00007FFC09590000), size: 372736 (result: 0), SymType: '-deferred-', PDB: '', fileVersion: 10.0.19041.6392
C:\WINDOWS\System32\msvcrt.dll:msvcrt.dll (00007FFC0A510000), size: 647168 (result: 0), SymType: '-deferred-', PDB: '', fileVersion: 7.0.19041.3636
C:\WINDOWS\System32\SETUPAPI.dll:SETUPAPI.dll (00007FFC09120000), size: 4653056 (result: 0), SymType: '-deferred-', PDB: '', fileVersion: 10.0.19041.5794
C:\WINDOWS\SYSTEM32\VERSION.dll:VERSION.dll (00007FFC025D0000), size: 40960 (result: 0), SymType: '-deferred-', PDB: '', fileVersion: 10.0.19041.3636
C:\WINDOWS\System32\cfgmgr32.dll:cfgmgr32.dll (00007FFC08440000), size: 319488 (result: 0), SymType: '-deferred-', PDB: '', fileVersion: 10.0.19041.3996
C:\WINDOWS\System32\bcrypt.dll:bcrypt.dll (00007FFC08C50000), size: 159744 (result: 0), SymType: '-deferred-', PDB: '', fileVersion: 10.0.19041.5369
C:\WINDOWS\System32\ADVAPI32.dll:ADVAPI32.dll (00007FFC0A940000), size: 724992 (result: 0), SymType: '-deferred-', PDB: '', fileVersion: 10.0.19041.6328
C:\WINDOWS\System32\sechost.dll:sechost.dll (00007FFC09080000), size: 651264 (result: 0), SymType: '-deferred-', PDB: '', fileVersion: 10.0.19041.6328
C:\WINDOWS\System32\SHELL32.dll:SHELL32.dll (00007FFC096C0000), size: 7798784 (result: 0), SymType: '-deferred-', PDB: '', fileVersion: 10.0.19041.6456
C:\WINDOWS\System32\OLEAUT32.dll:OLEAUT32.dll (00007FFC095F0000), size: 839680 (result: 0), SymType: '-deferred-', PDB: '', fileVersion: 10.0.19041.3636
C:\WINDOWS\System32\IMM32.dll:IMM32.dll (00007FFC09050000), size: 192512 (result: 0), SymType: '-deferred-', PDB: '', fileVersion: 10.0.19041.6157
C:\WINDOWS\SYSTEM32\WINMM.dll:WINMM.dll (00007FFBFAF70000), size: 159744 (result: 0), SymType: '-deferred-', PDB: '', fileVersion: 10.0.19041.3636
C:\WINDOWS\System32\CRYPT32.dll:CRYPT32.dll (00007FFC08790000), size: 1429504 (result: 0), SymType: '-deferred-', PDB: '', fileVersion: 10.0.19041.6157
C:\WINDOWS\SYSTEM32\OPENGL32.dll:OPENGL32.dll (00007FFBDB3F0000), size: 1212416 (result: 0), SymType: '-deferred-', PDB: '', fileVersion: 10.0.19041.5794
C:\WINDOWS\System32\WS2_32.dll:WS2_32.dll (00007FFC0A0E0000), size: 438272 (result: 0), SymType: '-deferred-', PDB: '', fileVersion: 10.0.19041.3636
C:\WINDOWS\SYSTEM32\HID.DLL:HID.DLL (00007FFC06C40000), size: 53248 (result: 0), SymType: '-deferred-', PDB: '', fileVersion: 10.0.19041.3636
C:\WINDOWS\SYSTEM32\WINHTTP.dll:WINHTTP.dll (00007FFC02E30000), size: 1089536 (result: 0), SymType: '-deferred-', PDB: '', fileVersion: 10.0.19041.5794
C:\WINDOWS\SYSTEM32\dwmapi.dll:dwmapi.dll (00007FFC06180000), size: 188416 (result: 0), SymType: '-deferred-', PDB: '', fileVersion: 10.0.19041.6157
C:\WINDOWS\SYSTEM32\GLU32.dll:GLU32.dll (00007FFBDD840000), size: 180224 (result: 0), SymType: '-deferred-', PDB: '', fileVersion: 10.0.19041.3636
C:\Program Files (x86)\Steam\gameoverlayrenderer64.dll:gameoverlayrenderer64.dll (00007FFB40EB0000), size: 1798144 (result: 0), SymType: '-deferred-', PDB: '', fileVersion: 10.87.82.64
C:\WINDOWS\System32\PSAPI.DLL:PSAPI.DLL (00007FFC0A500000), size: 32768 (result: 0), SymType: '-deferred-', PDB: '', fileVersion: 10.0.19041.3636
C:\WINDOWS\SYSTEM32\kernel.appcore.dll:kernel.appcore.dll (00007FFC061B0000), size: 73728 (result: 0), SymType: '-deferred-', PDB: '', fileVersion: 10.0.19041.3758
C:\WINDOWS\System32\bcryptPrimitives.dll:bcryptPrimitives.dll (00007FFC08A70000), size: 532480 (result: 0), SymType: '-deferred-', PDB: '', fileVersion: 10.0.19041.5007
C:\WINDOWS\system32\uxtheme.dll:uxtheme.dll (00007FFC05DA0000), size: 647168 (result: 0), SymType: '-deferred-', PDB: '', fileVersion: 10.0.19041.5794
C:\WINDOWS\System32\shcore.dll:shcore.dll (00007FFC08DD0000), size: 708608 (result: 0), SymType: '-deferred-', PDB: '', fileVersion: 10.0.19041.5794
C:\WINDOWS\SYSTEM32\windows.storage.dll:windows.storage.dll (000001E90B610000), size: 8015872 (result: 0), SymType: '-deferred-', PDB: '', fileVersion: 10.0.19041.6456
C:\WINDOWS\SYSTEM32\Wldp.dll:Wldp.dll (00007FFC07CB0000), size: 176128 (result: 0), SymType: '-deferred-', PDB: '', fileVersion: 10.0.19041.5794
C:\WINDOWS\SYSTEM32\profapi.dll:profapi.dll (00007FFC08370000), size: 147456 (result: 0), SymType: '-deferred-', PDB: '', fileVersion: 10.0.19041.6033
C:\Program Files (x86)\Steam\steamapps\common\Across the Obelisk\MonoBleedingEdge\EmbedRuntime\mono-2.0-bdwgc.dll:mono-2.0-bdwgc.dll (00007FFBD0980000), size: 10825728 (result: 0), SymType: '-deferred-', PDB: ''
C:\WINDOWS\SYSTEM32\iphlpapi.dll:iphlpapi.dll (00007FFC07790000), size: 241664 (result: 0), SymType: '-deferred-', PDB: '', fileVersion: 10.0.19041.3636
C:\WINDOWS\System32\MSCTF.dll:MSCTF.dll (00007FFC09EC0000), size: 1134592 (result: 0), SymType: '-deferred-', PDB: '', fileVersion: 10.0.19041.5794
C:\WINDOWS\SYSTEM32\d3d11.dll:d3d11.dll (00007FFC03FB0000), size: 2506752 (result: 0), SymType: '-deferred-', PDB: '', fileVersion: 10.0.19041.5794
C:\WINDOWS\SYSTEM32\dxgi.dll:dxgi.dll (00007FFC06C80000), size: 1007616 (result: 0), SymType: '-deferred-', PDB: '', fileVersion: 10.0.19041.5794
C:\WINDOWS\System32\DriverStore\FileRepository\nv_dispi.inf_amd64_6cdc9372d41a2731\nvldumdx.dll:nvldumdx.dll (00007FFBFFCB0000), size: 802816 (result: 0), SymType: '-deferred-', PDB: '', fileVersion: 32.0.15.8129
C:\WINDOWS\SYSTEM32\msasn1.dll:msasn1.dll (00007FFC08090000), size: 73728 (result: 0), SymType: '-deferred-', PDB: '', fileVersion: 10.0.19041.3636
C:\WINDOWS\SYSTEM32\cryptnet.dll:cryptnet.dll (00007FFC01C70000), size: 200704 (result: 0), SymType: '-deferred-', PDB: '', fileVersion: 10.0.19041.3636
C:\WINDOWS\SYSTEM32\cryptbase.dll:cryptbase.dll (00007FFC07C20000), size: 49152 (result: 0), SymType: '-deferred-', PDB: '', fileVersion: 10.0.19041.3636
C:\WINDOWS\SYSTEM32\drvstore.dll:drvstore.dll (00007FFC01B20000), size: 1339392 (result: 0), SymType: '-deferred-', PDB: '', fileVersion: 10.0.19041.5794
C:\WINDOWS\SYSTEM32\devobj.dll:devobj.dll (00007FFC080F0000), size: 208896 (result: 0), SymType: '-deferred-', PDB: '', fileVersion: 10.0.19041.5794
C:\WINDOWS\System32\wintrust.dll:wintrust.dll (00007FFC088F0000), size: 471040 (result: 0), SymType: '-deferred-', PDB: '', fileVersion: 10.0.19041.6456
C:\WINDOWS\System32\imagehlp.dll:imagehlp.dll (00007FFC08E80000), size: 118784 (result: 0), SymType: '-deferred-', PDB: '', fileVersion: 10.0.19041.3636
C:\WINDOWS\SYSTEM32\CRYPTSP.dll:CRYPTSP.dll (00007FFC08000000), size: 98304 (result: 0), SymType: '-deferred-', PDB: '', fileVersion: 10.0.19041.5856
C:\WINDOWS\system32\rsaenh.dll:rsaenh.dll (00007FFC073D0000), size: 229376 (result: 0), SymType: '-deferred-', PDB: '', fileVersion: 10.0.19041.6093
C:\WINDOWS\System32\DriverStore\FileRepository\nv_dispi.inf_amd64_6cdc9372d41a2731\nvgpucomp64.dll:nvgpucomp64.dll (00007FFBF56E0000), size: 64565248 (result: 0), SymType: '-deferred-', PDB: '', fileVersion: 32.0.15.8129
C:\WINDOWS\System32\DriverStore\FileRepository\nv_dispi.inf_amd64_6cdc9372d41a2731\NvMemMapStoragex.dll:NvMemMapStoragex.dll (00007FFBFF050000), size: 909312 (result: 0), SymType: '-deferred-', PDB: ''
C:\WINDOWS\SYSTEM32\POWRPROF.dll:POWRPROF.dll (00007FFC08310000), size: 307200 (result: 0), SymType: '-deferred-', PDB: '', fileVersion: 10.0.19041.3636
C:\WINDOWS\SYSTEM32\UMPDC.dll:UMPDC.dll (00007FFC08280000), size: 73728 (result: 0), SymType: '-deferred-', PDB: ''
C:\WINDOWS\System32\DriverStore\FileRepository\nv_dispi.inf_amd64_6cdc9372d41a2731\nvwgf2umx.dll:nvwgf2umx.dll (00007FFBEDFD0000), size: 92487680 (result: 0), SymType: '-deferred-', PDB: '', fileVersion: 32.0.15.8129
C:\WINDOWS\SYSTEM32\dxcore.dll:dxcore.dll (00007FFC00210000), size: 241664 (result: 0), SymType: '-deferred-', PDB: '', fileVersion: 10.0.19041.5794
C:\WINDOWS\System32\DriverStore\FileRepository\nv_dispi.inf_amd64_6cdc9372d41a2731\nvppex.dll:nvppex.dll (00007FFBD8220000), size: 1798144 (result: 0), SymType: '-deferred-', PDB: '', fileVersion: 32.0.15.8129
C:\WINDOWS\System32\clbcatq.dll:clbcatq.dll (00007FFC0A890000), size: 692224 (result: 0), SymType: '-deferred-', PDB: '', fileVersion: 2001.12.10941.16384
C:\WINDOWS\System32\MMDevApi.dll:MMDevApi.dll (00007FFBFB110000), size: 544768 (result: 0), SymType: '-deferred-', PDB: '', fileVersion: 10.0.19041.5915
C:\WINDOWS\SYSTEM32\AUDIOSES.DLL:AUDIOSES.DLL (00007FFBE8BA0000), size: 1576960 (result: 0), SymType: '-deferred-', PDB: '', fileVersion: 10.0.19041.5794
C:\WINDOWS\SYSTEM32\resourcepolicyclient.dll:resourcepolicyclient.dll (00007FFC05E70000), size: 81920 (result: 0), SymType: '-deferred-', PDB: '', fileVersion: 10.0.19041.4355
C:\Windows\System32\Windows.Gaming.Input.dll:Windows.Gaming.Input.dll (00007FFC01480000), size: 954368 (result: 0), SymType: '-deferred-', PDB: '', fileVersion: 10.0.19041.5794
C:\WINDOWS\SYSTEM32\inputhost.dll:inputhost.dll (00007FFBE8D60000), size: 1384448 (result: 0), SymType: '-deferred-', PDB: '', fileVersion: 10.0.19041.5794
C:\Windows\System32\CoreMessaging.dll:CoreMessaging.dll (00007FFC056B0000), size: 991232 (result: 0), SymType: '-deferred-', PDB: '', fileVersion: 10.0.19041.5915
C:\Windows\System32\PROPSYS.dll:PROPSYS.dll (00007FFC037A0000), size: 999424 (result: 0), SymType: '-deferred-', PDB: '', fileVersion: 7.0.19041.5794
C:\WINDOWS\SYSTEM32\wintypes.dll:wintypes.dll (00007FFC04C40000), size: 1404928 (result: 0), SymType: '-deferred-', PDB: '', fileVersion: 10.0.19041.6456
C:\Windows\System32\CoreUIComponents.dll:CoreUIComponents.dll (00007FFC05350000), size: 3518464 (result: 0), SymType: '-deferred-', PDB: '', fileVersion: 10.0.19041.3636
C:\WINDOWS\SYSTEM32\ntmarta.dll:ntmarta.dll (00007FFC07620000), size: 208896 (result: 0), SymType: '-deferred-', PDB: '', fileVersion: 10.0.19041.3636
C:\Windows\System32\twinapi.appcore.dll:twinapi.appcore.dll (00007FFC03100000), size: 2109440 (result: 0), SymType: '-deferred-', PDB: '', fileVersion: 10.0.19041.5848
C:\WINDOWS\SYSTEM32\xinput1_3.dll:xinput1_3.dll (0000000000400000), size: 122880 (result: 0), SymType: '-deferred-', PDB: '', fileVersion: 9.18.944.0
C:\WINDOWS\SYSTEM32\dcomp.dll:dcomp.dll (00007FFC04DA0000), size: 1982464 (result: 0), SymType: '-deferred-', PDB: '', fileVersion: 10.0.19041.6157
C:\WINDOWS\SYSTEM32\textinputframework.dll:textinputframework.dll (00007FFBE90A0000), size: 1019904 (result: 0), SymType: '-deferred-', PDB: '', fileVersion: 10.0.19041.6456
C:\Windows\System32\Windows.UI.dll:Windows.UI.dll (00007FFBE8F60000), size: 1306624 (result: 0), SymType: '-deferred-', PDB: '', fileVersion: 10.0.19041.5794
C:\Windows\System32\WindowManagementAPI.dll:WindowManagementAPI.dll (00007FFC02A30000), size: 659456 (result: 0), SymType: '-deferred-', PDB: ''
C:\Program Files (x86)\Steam\steamapps\common\Across the Obelisk\AcrossTheObelisk_Data\Plugins\x86_64\steam_api64.dll:steam_api64.dll (00007FFC03F60000), size: 327680 (result: 0), SymType: '-deferred-', PDB: '', fileVersion: 9.31.86.4
C:\Program Files (x86)\Steam\steamclient64.dll:steamclient64.dll (00007FFB41660000), size: 26624000 (result: 0), SymType: '-deferred-', PDB: '', fileVersion: 10.87.82.64
C:\Program Files (x86)\Steam\tier0_s64.dll:tier0_s64.dll (00007FFB6FFF0000), size: 3203072 (result: 0), SymType: '-deferred-', PDB: '', fileVersion: 10.87.82.64
C:\Program Files (x86)\Steam\vstdlib_s64.dll:vstdlib_s64.dll (00007FFBCB8D0000), size: 798720 (result: 0), SymType: '-deferred-', PDB: '', fileVersion: 10.87.82.64
C:\WINDOWS\SYSTEM32\MSWSOCK.dll:MSWSOCK.dll (00007FFC07A90000), size: 434176 (result: 0), SymType: '-deferred-', PDB: '', fileVersion: 10.0.19041.5915
C:\WINDOWS\SYSTEM32\Secur32.dll:Secur32.dll (00007FFBE94D0000), size: 49152 (result: 0), SymType: '-deferred-', PDB: '', fileVersion: 10.0.19041.3636
C:\WINDOWS\SYSTEM32\SSPICLI.DLL:SSPICLI.DLL (00007FFC082D0000), size: 204800 (result: 0), SymType: '-deferred-', PDB: '', fileVersion: 10.0.19041.6328
C:\WINDOWS\system32\wbem\wbemprox.dll:wbemprox.dll (00007FFC00B80000), size: 69632 (result: 0), SymType: '-deferred-', PDB: '', fileVersion: 10.0.19041.4474
C:\WINDOWS\SYSTEM32\wbemcomn.dll:wbemcomn.dll (00007FFBF3BB0000), size: 589824 (result: 0), SymType: '-deferred-', PDB: '', fileVersion: 10.0.19041.5794
C:\WINDOWS\system32\wbem\wbemsvc.dll:wbemsvc.dll (00007FFBFEC10000), size: 81920 (result: 0), SymType: '-deferred-', PDB: '', fileVersion: 10.0.19041.4474
C:\WINDOWS\system32\wbem\fastprox.dll:fastprox.dll (00007FFBFEA20000), size: 1097728 (result: 0), SymType: '-deferred-', PDB: '', fileVersion: 10.0.19041.5794
C:\WINDOWS\SYSTEM32\amsi.dll:amsi.dll (00007FFBFE390000), size: 126976 (result: 0), SymType: '-deferred-', PDB: '', fileVersion: 10.0.19041.4355
C:\WINDOWS\SYSTEM32\USERENV.dll:USERENV.dll (00007FFC082A0000), size: 188416 (result: 0), SymType: '-deferred-', PDB: '', fileVersion: 10.0.19041.5794
C:\Program Files\Malwarebytes\Anti-Malware\mbamsi64.dll:mbamsi64.dll (00007FFBFDC60000), size: 4694016 (result: 0), SymType: '-deferred-', PDB: '', fileVersion: 1.1.1.99
C:\WINDOWS\SYSTEM32\MPR.dll:MPR.dll (00007FFBFD590000), size: 118784 (result: 0), SymType: '-deferred-', PDB: '', fileVersion: 10.0.19041.3636
C:\WINDOWS\SYSTEM32\AUTHZ.dll:AUTHZ.dll (00007FFC070F0000), size: 323584 (result: 0), SymType: '-deferred-', PDB: '', fileVersion: 10.0.19041.6328
C:\WINDOWS\SYSTEM32\NETAPI32.dll:NETAPI32.dll (00007FFBFD570000), size: 102400 (result: 0), SymType: '-deferred-', PDB: '', fileVersion: 10.0.19041.3636
C:\WINDOWS\SYSTEM32\sfc.dll:sfc.dll (000001EB10030000), size: 12288 (result: 0), SymType: '-deferred-', PDB: '', fileVersion: 10.0.19041.4842
C:\WINDOWS\SYSTEM32\NETUTILS.DLL:NETUTILS.DLL (00007FFC078A0000), size: 49152 (result: 0), SymType: '-deferred-', PDB: '', fileVersion: 10.0.19041.3636
C:\WINDOWS\SYSTEM32\sfc_os.DLL:sfc_os.DLL (00007FFBFD550000), size: 73728 (result: 0), SymType: '-deferred-', PDB: '', fileVersion: 10.0.19041.4842
C:\WINDOWS\SYSTEM32\gpapi.dll:gpapi.dll (00007FFC06C50000), size: 143360 (result: 0), SymType: '-deferred-', PDB: '', fileVersion: 10.0.19041.4355
C:\Program Files\Malwarebytes\Anti-Malware\offreg.dll:offreg.dll (00007FFBFCCC0000), size: 106496 (result: 0), SymType: '-deferred-', PDB: '', fileVersion: 10.0.19041.1
C:\Program Files\Avast Software\Avast\aswAMSI.dll:aswAMSI.dll (00007FFBFCBC0000), size: 1048576 (result: 0), SymType: '-deferred-', PDB: '', fileVersion: 26.7.11086.0
C:\WINDOWS\System32\NSI.dll:NSI.dll (00007FFC0AA00000), size: 32768 (result: 0), SymType: '-deferred-', PDB: '', fileVersion: 10.0.19041.3636
C:\WINDOWS\SYSTEM32\dhcpcsvc6.DLL:dhcpcsvc6.DLL (00007FFC02850000), size: 94208 (result: 0), SymType: '-deferred-', PDB: '', fileVersion: 10.0.19041.3636
C:\WINDOWS\SYSTEM32\dhcpcsvc.DLL:dhcpcsvc.DLL (00007FFC027E0000), size: 118784 (result: 0), SymType: '-deferred-', PDB: '', fileVersion: 10.0.19041.3636
C:\WINDOWS\SYSTEM32\DNSAPI.dll:DNSAPI.dll (00007FFC077D0000), size: 827392 (result: 0), SymType: '-deferred-', PDB: '', fileVersion: 10.0.19041.5369
C:\Windows\System32\rasadhlp.dll:rasadhlp.dll (00007FFBFB1A0000), size: 40960 (result: 0), SymType: '-deferred-', PDB: '', fileVersion: 10.0.19041.6328
C:\WINDOWS\System32\fwpuclnt.dll:fwpuclnt.dll (00007FFBFB490000), size: 524288 (result: 0), SymType: '-deferred-', PDB: '', fileVersion: 10.0.19041.6328
C:\Program Files (x86)\Steam\steamapps\common\Across the Obelisk\MonoBleedingEdge\EmbedRuntime\MonoPosixHelper.dll:MonoPosixHelper.dll (00007FFBCFCB0000), size: 626688 (result: 0), SymType: '-deferred-', PDB: ''
C:\WINDOWS\SYSTEM32\dbghelp.dll:dbghelp.dll (00007FFBFFFE0000), size: 2101248 (result: 0), SymType: '-deferred-', PDB: '', fileVersion: 10.0.19041.5848

========== OUTPUTTING STACK TRACE ==================

SymInit: Symbol-SearchPath: '.;C:\Program Files (x86)\Steam\steamapps\common\Across the Obelisk;C:/Program Files (x86)/Steam/steamapps/common/Across the Obelisk/AcrossTheObelisk_Data/Plugins\x86_64;C:/Program Files (x86)/Steam/steamapps/common/Across the Obelisk/AcrossTheObelisk_Data/Plugins;C:\Program Files (x86)\Steam\steamapps\common\Across the Obelisk;C:\WINDOWS;C:\WINDOWS\system32;', symOptions: 534, UserName: 'choue'
OS-Version: 10.0.0
C:\Program Files (x86)\Steam\steamapps\common\Across the Obelisk\AcrossTheObelisk.exe:AcrossTheObelisk.exe (00007FF6AA110000), size: 688128 (result: 0), SymType: '-exported-', PDB: 'C:\Program Files (x86)\Steam\steamapps\common\Across the Obelisk\AcrossTheObelisk.exe', fileVersion: 2022.3.62.28864
C:\WINDOWS\SYSTEM32\ntdll.dll:ntdll.dll (00007FFC0ADB0000), size: 2064384 (result: 0), SymType: '-exported-', PDB: 'C:\WINDOWS\SYSTEM32\ntdll.dll', fileVersion: 10.0.19041.6456
C:\Program Files\Avast Software\Avast\aswhook.dll:aswhook.dll (00007FFBA2B30000), size: 135168 (result: 0), SymType: '-nosymbols-', PDB: 'C:\Program Files\Avast Software\Avast\aswhook.dll', fileVersion: 26.7.11086.0
C:\WINDOWS\System32\KERNEL32.DLL:KERNEL32.DLL (00007FFC0A3D0000), size: 794624 (result: 0), SymType: '-exported-', PDB: 'C:\WINDOWS\System32\KERNEL32.DLL', fileVersion: 10.0.19041.5915
C:\WINDOWS\System32\KERNELBASE.dll:KERNELBASE.dll (00007FFC08490000), size: 3104768 (result: 0), SymType: '-nosymbols-', PDB: 'C:\WINDOWS\System32\KERNELBASE.dll', fileVersion: 10.0.19041.6280
C:\Program Files (x86)\Steam\steamapps\common\Across the Obelisk\UnityPlayer.dll:UnityPlayer.dll (00007FFB25070000), size: 31965184 (result: 0), SymType: '-exported-', PDB: 'C:\Program Files (x86)\Steam\steamapps\common\Across the Obelisk\UnityPlayer.dll', fileVersion: 2022.3.62.28864
C:\WINDOWS\System32\USER32.dll:USER32.dll (00007FFC08EA0000), size: 1708032 (result: 0), SymType: '-nosymbols-', PDB: 'C:\WINDOWS\System32\USER32.dll', fileVersion: 10.0.19041.6456
C:\WINDOWS\System32\win32u.dll:win32u.dll (00007FFC08B00000), size: 139264 (result: 0), SymType: '-nosymbols-', PDB: 'C:\WINDOWS\System32\win32u.dll', fileVersion: 10.0.19041.6456
C:\WINDOWS\System32\GDI32.dll:GDI32.dll (00007FFC0A040000), size: 176128 (result: 0), SymType: '-nosymbols-', PDB: 'C:\WINDOWS\System32\GDI32.dll', fileVersion: 10.0.19041.6157
C:\WINDOWS\System32\gdi32full.dll:gdi32full.dll (00007FFC08B30000), size: 1150976 (result: 0), SymType: '-nosymbols-', PDB: 'C:\WINDOWS\System32\gdi32full.dll', fileVersion: 10.0.19041.6157
C:\WINDOWS\System32\msvcp_win.dll:msvcp_win.dll (00007FFC08D30000), size: 643072 (result: 0), SymType: '-exported-', PDB: 'C:\WINDOWS\System32\msvcp_win.dll', fileVersion: 10.0.19041.3636
C:\WINDOWS\System32\ucrtbase.dll:ucrtbase.dll (00007FFC08970000), size: 1048576 (result: 0), SymType: '-nosymbols-', PDB: 'C:\WINDOWS\System32\ucrtbase.dll', fileVersion: 10.0.19041.3636
C:\WINDOWS\System32\ole32.dll:ole32.dll (00007FFC0A760000), size: 1224704 (result: 0), SymType: '-nosymbols-', PDB: 'C:\WINDOWS\System32\ole32.dll', fileVersion: 10.0.19041.5915
C:\WINDOWS\System32\RPCRT4.dll:RPCRT4.dll (00007FFC0A150000), size: 1179648 (result: 0), SymType: '-nosymbols-', PDB: 'C:\WINDOWS\System32\RPCRT4.dll', fileVersion: 10.0.19041.6280
C:\WINDOWS\System32\combase.dll:combase.dll (00007FFC0AA10000), size: 3489792 (result: 0), SymType: '-nosymbols-', PDB: 'C:\WINDOWS\System32\combase.dll', fileVersion: 10.0.19041.6456
C:\WINDOWS\System32\SHLWAPI.dll:SHLWAPI.dll (00007FFC09590000), size: 372736 (result: 0), SymType: '-nosymbols-', PDB: 'C:\WINDOWS\System32\SHLWAPI.dll', fileVersion: 10.0.19041.6392
C:\WINDOWS\System32\msvcrt.dll:msvcrt.dll (00007FFC0A510000), size: 647168 (result: 0), SymType: '-nosymbols-', PDB: 'C:\WINDOWS\System32\msvcrt.dll', fileVersion: 7.0.19041.3636
C:\WINDOWS\System32\SETUPAPI.dll:SETUPAPI.dll (00007FFC09120000), size: 4653056 (result: 0), SymType: '-nosymbols-', PDB: 'C:\WINDOWS\System32\SETUPAPI.dll', fileVersion: 10.0.19041.5794
C:\WINDOWS\SYSTEM32\VERSION.dll:VERSION.dll (00007FFC025D0000), size: 40960 (result: 0), SymType: '-nosymbols-', PDB: 'C:\WINDOWS\SYSTEM32\VERSION.dll', fileVersion: 10.0.19041.3636
C:\WINDOWS\System32\cfgmgr32.dll:cfgmgr32.dll (00007FFC08440000), size: 319488 (result: 0), SymType: '-nosymbols-', PDB: 'C:\WINDOWS\System32\cfgmgr32.dll', fileVersion: 10.0.19041.3996
C:\WINDOWS\System32\bcrypt.dll:bcrypt.dll (00007FFC08C50000), size: 159744 (result: 0), SymType: '-exported-', PDB: 'C:\WINDOWS\System32\bcrypt.dll', fileVersion: 10.0.19041.5369
C:\WINDOWS\System32\ADVAPI32.dll:ADVAPI32.dll (00007FFC0A940000), size: 724992 (result: 0), SymType: '-exported-', PDB: 'C:\WINDOWS\System32\ADVAPI32.dll', fileVersion: 10.0.19041.6328
C:\WINDOWS\System32\sechost.dll:sechost.dll (00007FFC09080000), size: 651264 (result: 0), SymType: '-nosymbols-', PDB: 'C:\WINDOWS\System32\sechost.dll', fileVersion: 10.0.19041.6328
C:\WINDOWS\System32\SHELL32.dll:SHELL32.dll (00007FFC096C0000), size: 7798784 (result: 0), SymType: '-nosymbols-', PDB: 'C:\WINDOWS\System32\SHELL32.dll', fileVersion: 10.0.19041.6456
C:\WINDOWS\System32\OLEAUT32.dll:OLEAUT32.dll (00007FFC095F0000), size: 839680 (result: 0), SymType: '-nosymbols-', PDB: 'C:\WINDOWS\System32\OLEAUT32.dll', fileVersion: 10.0.19041.3636
C:\WINDOWS\System32\IMM32.dll:IMM32.dll (00007FFC09050000), size: 192512 (result: 0), SymType: '-nosymbols-', PDB: 'C:\WINDOWS\System32\IMM32.dll', fileVersion: 10.0.19041.6157
C:\WINDOWS\SYSTEM32\WINMM.dll:WINMM.dll (00007FFBFAF70000), size: 159744 (result: 0), SymType: '-exported-', PDB: 'C:\WINDOWS\SYSTEM32\WINMM.dll', fileVersion: 10.0.19041.3636
C:\WINDOWS\System32\CRYPT32.dll:CRYPT32.dll (00007FFC08790000), size: 1429504 (result: 0), SymType: '-nosymbols-', PDB: 'C:\WINDOWS\System32\CRYPT32.dll', fileVersion: 10.0.19041.6157
C:\WINDOWS\SYSTEM32\OPENGL32.dll:OPENGL32.dll (00007FFBDB3F0000), size: 1212416 (result: 0), SymType: '-exported-', PDB: 'C:\WINDOWS\SYSTEM32\OPENGL32.dll', fileVersion: 10.0.19041.5794
C:\WINDOWS\System32\WS2_32.dll:WS2_32.dll (00007FFC0A0E0000), size: 438272 (result: 0), SymType: '-exported-', PDB: 'C:\WINDOWS\System32\WS2_32.dll', fileVersion: 10.0.19041.3636
C:\WINDOWS\SYSTEM32\HID.DLL:HID.DLL (00007FFC06C40000), size: 53248 (result: 0), SymType: '-nosymbols-', PDB: 'C:\WINDOWS\SYSTEM32\HID.DLL', fileVersion: 10.0.19041.3636
C:\WINDOWS\SYSTEM32\WINHTTP.dll:WINHTTP.dll (00007FFC02E30000), size: 1089536 (result: 0), SymType: '-nosymbols-', PDB: 'C:\WINDOWS\SYSTEM32\WINHTTP.dll', fileVersion: 10.0.19041.5794
C:\WINDOWS\SYSTEM32\dwmapi.dll:dwmapi.dll (00007FFC06180000), size: 188416 (result: 0), SymType: '-nosymbols-', PDB: 'C:\WINDOWS\SYSTEM32\dwmapi.dll', fileVersion: 10.0.19041.6157
C:\WINDOWS\SYSTEM32\GLU32.dll:GLU32.dll (00007FFBDD840000), size: 180224 (result: 0), SymType: '-nosymbols-', PDB: 'C:\WINDOWS\SYSTEM32\GLU32.dll', fileVersion: 10.0.19041.3636
C:\Program Files (x86)\Steam\gameoverlayrenderer64.dll:gameoverlayrenderer64.dll (00007FFB40EB0000), size: 1798144 (result: 0), SymType: '-nosymbols-', PDB: 'C:\Program Files (x86)\Steam\gameoverlayrenderer64.dll', fileVersion: 10.87.82.64
C:\WINDOWS\System32\PSAPI.DLL:PSAPI.DLL (00007FFC0A500000), size: 32768 (result: 0), SymType: '-nosymbols-', PDB: 'C:\WINDOWS\System32\PSAPI.DLL', fileVersion: 10.0.19041.3636
C:\WINDOWS\SYSTEM32\kernel.appcore.dll:kernel.appcore.dll (00007FFC061B0000), size: 73728 (result: 0), SymType: '-nosymbols-', PDB: 'C:\WINDOWS\SYSTEM32\kernel.appcore.dll', fileVersion: 10.0.19041.3758
C:\WINDOWS\System32\bcryptPrimitives.dll:bcryptPrimitives.dll (00007FFC08A70000), size: 532480 (result: 0), SymType: '-nosymbols-', PDB: 'C:\WINDOWS\System32\bcryptPrimitives.dll', fileVersion: 10.0.19041.5007
C:\WINDOWS\system32\uxtheme.dll:uxtheme.dll (00007FFC05DA0000), size: 647168 (result: 0), SymType: '-nosymbols-', PDB: 'C:\WINDOWS\system32\uxtheme.dll', fileVersion: 10.0.19041.5794
C:\WINDOWS\System32\shcore.dll:shcore.dll (00007FFC08DD0000), size: 708608 (result: 0), SymType: '-nosymbols-', PDB: 'C:\WINDOWS\System32\shcore.dll', fileVersion: 10.0.19041.5794
C:\WINDOWS\SYSTEM32\windows.storage.dll:windows.storage.dll (000001E90B610000), size: 8015872 (result: 0), SymType: '-nosymbols-', PDB: 'C:\WINDOWS\SYSTEM32\windows.storage.dll', fileVersion: 10.0.19041.6456
C:\WINDOWS\SYSTEM32\Wldp.dll:Wldp.dll (00007FFC07CB0000), size: 176128 (result: 0), SymType: '-nosymbols-', PDB: 'C:\WINDOWS\SYSTEM32\Wldp.dll', fileVersion: 10.0.19041.5794
C:\WINDOWS\SYSTEM32\profapi.dll:profapi.dll (00007FFC08370000), size: 147456 (result: 0), SymType: '-nosymbols-', PDB: 'C:\WINDOWS\SYSTEM32\profapi.dll', fileVersion: 10.0.19041.6033
C:\Program Files (x86)\Steam\steamapps\common\Across the Obelisk\MonoBleedingEdge\EmbedRuntime\mono-2.0-bdwgc.dll:mono-2.0-bdwgc.dll (00007FFBD0980000), size: 10825728 (result: 0), SymType: '-exported-', PDB: 'C:\Program Files (x86)\Steam\steamapps\common\Across the Obelisk\MonoBleedingEdge\EmbedRuntime\mono-2.0-bdwgc.dll'
C:\WINDOWS\SYSTEM32\iphlpapi.dll:iphlpapi.dll (00007FFC07790000), size: 241664 (result: 0), SymType: '-exported-', PDB: 'C:\WINDOWS\SYSTEM32\iphlpapi.dll', fileVersion: 10.0.19041.3636
C:\WINDOWS\System32\MSCTF.dll:MSCTF.dll (00007FFC09EC0000), size: 1134592 (result: 0), SymType: '-nosymbols-', PDB: 'C:\WINDOWS\System32\MSCTF.dll', fileVersion: 10.0.19041.5794
C:\WINDOWS\SYSTEM32\d3d11.dll:d3d11.dll (00007FFC03FB0000), size: 2506752 (result: 0), SymType: '-nosymbols-', PDB: 'C:\WINDOWS\SYSTEM32\d3d11.dll', fileVersion: 10.0.19041.5794
C:\WINDOWS\SYSTEM32\dxgi.dll:dxgi.dll (00007FFC06C80000), size: 1007616 (result: 0), SymType: '-nosymbols-', PDB: 'C:\WINDOWS\SYSTEM32\dxgi.dll', fileVersion: 10.0.19041.5794
C:\WINDOWS\System32\DriverStore\FileRepository\nv_dispi.inf_amd64_6cdc9372d41a2731\nvldumdx.dll:nvldumdx.dll (00007FFBFFCB0000), size: 802816 (result: 0), SymType: '-nosymbols-', PDB: 'C:\WINDOWS\System32\DriverStore\FileRepository\nv_dispi.inf_amd64_6cdc9372d41a2731\nvldumdx.dll', fileVersion: 32.0.15.8129
C:\WINDOWS\SYSTEM32\msasn1.dll:msasn1.dll (00007FFC08090000), size: 73728 (result: 0), SymType: '-nosymbols-', PDB: 'C:\WINDOWS\SYSTEM32\msasn1.dll', fileVersion: 10.0.19041.3636
C:\WINDOWS\SYSTEM32\cryptnet.dll:cryptnet.dll (00007FFC01C70000), size: 200704 (result: 0), SymType: '-nosymbols-', PDB: 'C:\WINDOWS\SYSTEM32\cryptnet.dll', fileVersion: 10.0.19041.3636
C:\WINDOWS\SYSTEM32\cryptbase.dll:cryptbase.dll (00007FFC07C20000), size: 49152 (result: 0), SymType: '-nosymbols-', PDB: 'C:\WINDOWS\SYSTEM32\cryptbase.dll', fileVersion: 10.0.19041.3636
C:\WINDOWS\SYSTEM32\drvstore.dll:drvstore.dll (00007FFC01B20000), size: 1339392 (result: 0), SymType: '-nosymbols-', PDB: 'C:\WINDOWS\SYSTEM32\drvstore.dll', fileVersion: 10.0.19041.5794
C:\WINDOWS\SYSTEM32\devobj.dll:devobj.dll (00007FFC080F0000), size: 208896 (result: 0), SymType: '-nosymbols-', PDB: 'C:\WINDOWS\SYSTEM32\devobj.dll', fileVersion: 10.0.19041.5794
C:\WINDOWS\System32\wintrust.dll:wintrust.dll (00007FFC088F0000), size: 471040 (result: 0), SymType: '-nosymbols-', PDB: 'C:\WINDOWS\System32\wintrust.dll', fileVersion: 10.0.19041.6456
C:\WINDOWS\System32\imagehlp.dll:imagehlp.dll (00007FFC08E80000), size: 118784 (result: 0), SymType: '-nosymbols-', PDB: 'C:\WINDOWS\System32\imagehlp.dll', fileVersion: 10.0.19041.3636
C:\WINDOWS\SYSTEM32\CRYPTSP.dll:CRYPTSP.dll (00007FFC08000000), size: 98304 (result: 0), SymType: '-nosymbols-', PDB: 'C:\WINDOWS\SYSTEM32\CRYPTSP.dll', fileVersion: 10.0.19041.5856
C:\WINDOWS\system32\rsaenh.dll:rsaenh.dll (00007FFC073D0000), size: 229376 (result: 0), SymType: '-nosymbols-', PDB: 'C:\WINDOWS\system32\rsaenh.dll', fileVersion: 10.0.19041.6093
C:\WINDOWS\System32\DriverStore\FileRepository\nv_dispi.inf_amd64_6cdc9372d41a2731\nvgpucomp64.dll:nvgpucomp64.dll (00007FFBF56E0000), size: 64565248 (result: 0), SymType: '-nosymbols-', PDB: 'C:\WINDOWS\System32\DriverStore\FileRepository\nv_dispi.inf_amd64_6cdc9372d41a2731\nvgpucomp64.dll', fileVersion: 32.0.15.8129
C:\WINDOWS\System32\DriverStore\FileRepository\nv_dispi.inf_amd64_6cdc9372d41a2731\NvMemMapStoragex.dll:NvMemMapStoragex.dll (00007FFBFF050000), size: 909312 (result: 0), SymType: '-nosymbols-', PDB: 'C:\WINDOWS\System32\DriverStore\FileRepository\nv_dispi.inf_amd64_6cdc9372d41a2731\NvMemMapStoragex.dll'
C:\WINDOWS\SYSTEM32\POWRPROF.dll:POWRPROF.dll (00007FFC08310000), size: 307200 (result: 0), SymType: '-nosymbols-', PDB: 'C:\WINDOWS\SYSTEM32\POWRPROF.dll', fileVersion: 10.0.19041.3636
C:\WINDOWS\SYSTEM32\UMPDC.dll:UMPDC.dll (00007FFC08280000), size: 73728 (result: 0), SymType: '-nosymbols-', PDB: 'C:\WINDOWS\SYSTEM32\UMPDC.dll'
C:\WINDOWS\System32\DriverStore\FileRepository\nv_dispi.inf_amd64_6cdc9372d41a2731\nvwgf2umx.dll:nvwgf2umx.dll (00007FFBEDFD0000), size: 92487680 (result: 0), SymType: '-nosymbols-', PDB: 'C:\WINDOWS\System32\DriverStore\FileRepository\nv_dispi.inf_amd64_6cdc9372d41a2731\nvwgf2umx.dll', fileVersion: 32.0.15.8129
C:\WINDOWS\SYSTEM32\dxcore.dll:dxcore.dll (00007FFC00210000), size: 241664 (result: 0), SymType: '-nosymbols-', PDB: 'C:\WINDOWS\SYSTEM32\dxcore.dll', fileVersion: 10.0.19041.5794
C:\WINDOWS\System32\DriverStore\FileRepository\nv_dispi.inf_amd64_6cdc9372d41a2731\nvppex.dll:nvppex.dll (00007FFBD8220000), size: 1798144 (result: 0), SymType: '-nosymbols-', PDB: 'C:\WINDOWS\System32\DriverStore\FileRepository\nv_dispi.inf_amd64_6cdc9372d41a2731\nvppex.dll', fileVersion: 32.0.15.8129
C:\WINDOWS\System32\clbcatq.dll:clbcatq.dll (00007FFC0A890000), size: 692224 (result: 0), SymType: '-nosymbols-', PDB: 'C:\WINDOWS\System32\clbcatq.dll', fileVersion: 2001.12.10941.16384
C:\WINDOWS\System32\MMDevApi.dll:MMDevApi.dll (00007FFBFB110000), size: 544768 (result: 0), SymType: '-nosymbols-', PDB: 'C:\WINDOWS\System32\MMDevApi.dll', fileVersion: 10.0.19041.5915
C:\WINDOWS\SYSTEM32\AUDIOSES.DLL:AUDIOSES.DLL (00007FFBE8BA0000), size: 1576960 (result: 0), SymType: '-nosymbols-', PDB: 'C:\WINDOWS\SYSTEM32\AUDIOSES.DLL', fileVersion: 10.0.19041.5794
C:\WINDOWS\SYSTEM32\resourcepolicyclient.dll:resourcepolicyclient.dll (00007FFC05E70000), size: 81920 (result: 0), SymType: '-nosymbols-', PDB: 'C:\WINDOWS\SYSTEM32\resourcepolicyclient.dll', fileVersion: 10.0.19041.4355
C:\Windows\System32\Windows.Gaming.Input.dll:Windows.Gaming.Input.dll (00007FFC01480000), size: 954368 (result: 0), SymType: '-nosymbols-', PDB: 'C:\Windows\System32\Windows.Gaming.Input.dll', fileVersion: 10.0.19041.5794
C:\WINDOWS\SYSTEM32\inputhost.dll:inputhost.dll (00007FFBE8D60000), size: 1384448 (result: 0), SymType: '-nosymbols-', PDB: 'C:\WINDOWS\SYSTEM32\inputhost.dll', fileVersion: 10.0.19041.5794
C:\Windows\System32\CoreMessaging.dll:CoreMessaging.dll (00007FFC056B0000), size: 991232 (result: 0), SymType: '-nosymbols-', PDB: 'C:\Windows\System32\CoreMessaging.dll', fileVersion: 10.0.19041.5915
C:\Windows\System32\PROPSYS.dll:PROPSYS.dll (00007FFC037A0000), size: 999424 (result: 0), SymType: '-nosymbols-', PDB: 'C:\Windows\System32\PROPSYS.dll', fileVersion: 7.0.19041.5794
C:\WINDOWS\SYSTEM32\wintypes.dll:wintypes.dll (00007FFC04C40000), size: 1404928 (result: 0), SymType: '-nosymbols-', PDB: 'C:\WINDOWS\SYSTEM32\wintypes.dll', fileVersion: 10.0.19041.6456
C:\Windows\System32\CoreUIComponents.dll:CoreUIComponents.dll (00007FFC05350000), size: 3518464 (result: 0), SymType: '-nosymbols-', PDB: 'C:\Windows\System32\CoreUIComponents.dll', fileVersion: 10.0.19041.3636
C:\WINDOWS\SYSTEM32\ntmarta.dll:ntmarta.dll (00007FFC07620000), size: 208896 (result: 0), SymType: '-nosymbols-', PDB: 'C:\WINDOWS\SYSTEM32\ntmarta.dll', fileVersion: 10.0.19041.3636
C:\Windows\System32\twinapi.appcore.dll:twinapi.appcore.dll (00007FFC03100000), size: 2109440 (result: 0), SymType: '-nosymbols-', PDB: 'C:\Windows\System32\twinapi.appcore.dll', fileVersion: 10.0.19041.5848
C:\WINDOWS\SYSTEM32\xinput1_3.dll:xinput1_3.dll (0000000000400000), size: 122880 (result: 0), SymType: '-nosymbols-', PDB: 'C:\WINDOWS\SYSTEM32\xinput1_3.dll', fileVersion: 9.18.944.0
C:\WINDOWS\SYSTEM32\dcomp.dll:dcomp.dll (00007FFC04DA0000), size: 1982464 (result: 0), SymType: '-nosymbols-', PDB: 'C:\WINDOWS\SYSTEM32\dcomp.dll', fileVersion: 10.0.19041.6157
C:\WINDOWS\SYSTEM32\textinputframework.dll:textinputframework.dll (00007FFBE90A0000), size: 1019904 (result: 0), SymType: '-nosymbols-', PDB: 'C:\WINDOWS\SYSTEM32\textinputframework.dll', fileVersion: 10.0.19041.6456
C:\Windows\System32\Windows.UI.dll:Windows.UI.dll (00007FFBE8F60000), size: 1306624 (result: 0), SymType: '-nosymbols-', PDB: 'C:\Windows\System32\Windows.UI.dll', fileVersion: 10.0.19041.5794
C:\Windows\System32\WindowManagementAPI.dll:WindowManagementAPI.dll (00007FFC02A30000), size: 659456 (result: 0), SymType: '-nosymbols-', PDB: 'C:\Windows\System32\WindowManagementAPI.dll'
C:\Program Files (x86)\Steam\steamapps\common\Across the Obelisk\AcrossTheObelisk_Data\Plugins\x86_64\steam_api64.dll:steam_api64.dll (00007FFC03F60000), size: 327680 (result: 0), SymType: '-nosymbols-', PDB: 'C:\Program Files (x86)\Steam\steamapps\common\Across the Obelisk\AcrossTheObelisk_Data\Plugins\x86_64\steam_api64.dll', fileVersion: 9.31.86.4
C:\Program Files (x86)\Steam\steamclient64.dll:steamclient64.dll (00007FFB41660000), size: 26624000 (result: 0), SymType: '-nosymbols-', PDB: 'C:\Program Files (x86)\Steam\steamclient64.dll', fileVersion: 10.87.82.64
C:\Program Files (x86)\Steam\tier0_s64.dll:tier0_s64.dll (00007FFB6FFF0000), size: 3203072 (result: 0), SymType: '-nosymbols-', PDB: 'C:\Program Files (x86)\Steam\tier0_s64.dll', fileVersion: 10.87.82.64
C:\Program Files (x86)\Steam\vstdlib_s64.dll:vstdlib_s64.dll (00007FFBCB8D0000), size: 798720 (result: 0), SymType: '-nosymbols-', PDB: 'C:\Program Files (x86)\Steam\vstdlib_s64.dll', fileVersion: 10.87.82.64
C:\WINDOWS\SYSTEM32\MSWSOCK.dll:MSWSOCK.dll (00007FFC07A90000), size: 434176 (result: 0), SymType: '-nosymbols-', PDB: 'C:\WINDOWS\SYSTEM32\MSWSOCK.dll', fileVersion: 10.0.19041.5915
C:\WINDOWS\SYSTEM32\Secur32.dll:Secur32.dll (00007FFBE94D0000), size: 49152 (result: 0), SymType: '-nosymbols-', PDB: 'C:\WINDOWS\SYSTEM32\Secur32.dll', fileVersion: 10.0.19041.3636
C:\WINDOWS\SYSTEM32\SSPICLI.DLL:SSPICLI.DLL (00007FFC082D0000), size: 204800 (result: 0), SymType: '-nosymbols-', PDB: 'C:\WINDOWS\SYSTEM32\SSPICLI.DLL', fileVersion: 10.0.19041.6328
C:\WINDOWS\system32\wbem\wbemprox.dll:wbemprox.dll (00007FFC00B80000), size: 69632 (result: 0), SymType: '-nosymbols-', PDB: 'C:\WINDOWS\system32\wbem\wbemprox.dll', fileVersion: 10.0.19041.4474
C:\WINDOWS\SYSTEM32\wbemcomn.dll:wbemcomn.dll (00007FFBF3BB0000), size: 589824 (result: 0), SymType: '-nosymbols-', PDB: 'C:\WINDOWS\SYSTEM32\wbemcomn.dll', fileVersion: 10.0.19041.5794
C:\WINDOWS\system32\wbem\wbemsvc.dll:wbemsvc.dll (00007FFBFEC10000), size: 81920 (result: 0), SymType: '-nosymbols-', PDB: 'C:\WINDOWS\system32\wbem\wbemsvc.dll', fileVersion: 10.0.19041.4474
C:\WINDOWS\system32\wbem\fastprox.dll:fastprox.dll (00007FFBFEA20000), size: 1097728 (result: 0), SymType: '-nosymbols-', PDB: 'C:\WINDOWS\system32\wbem\fastprox.dll', fileVersion: 10.0.19041.5794
C:\WINDOWS\SYSTEM32\amsi.dll:amsi.dll (00007FFBFE390000), size: 126976 (result: 0), SymType: '-nosymbols-', PDB: 'C:\WINDOWS\SYSTEM32\amsi.dll', fileVersion: 10.0.19041.4355
C:\WINDOWS\SYSTEM32\USERENV.dll:USERENV.dll (00007FFC082A0000), size: 188416 (result: 0), SymType: '-nosymbols-', PDB: 'C:\WINDOWS\SYSTEM32\USERENV.dll', fileVersion: 10.0.19041.5794
C:\Program Files\Malwarebytes\Anti-Malware\mbamsi64.dll:mbamsi64.dll (00007FFBFDC60000), size: 4694016 (result: 0), SymType: '-nosymbols-', PDB: 'C:\Program Files\Malwarebytes\Anti-Malware\mbamsi64.dll', fileVersion: 1.1.1.99
C:\WINDOWS\SYSTEM32\MPR.dll:MPR.dll (00007FFBFD590000), size: 118784 (result: 0), SymType: '-nosymbols-', PDB: 'C:\WINDOWS\SYSTEM32\MPR.dll', fileVersion: 10.0.19041.3636
C:\WINDOWS\SYSTEM32\AUTHZ.dll:AUTHZ.dll (00007FFC070F0000), size: 323584 (result: 0), SymType: '-nosymbols-', PDB: 'C:\WINDOWS\SYSTEM32\AUTHZ.dll', fileVersion: 10.0.19041.6328
C:\WINDOWS\SYSTEM32\NETAPI32.dll:NETAPI32.dll (00007FFBFD570000), size: 102400 (result: 0), SymType: '-nosymbols-', PDB: 'C:\WINDOWS\SYSTEM32\NETAPI32.dll', fileVersion: 10.0.19041.3636
C:\WINDOWS\SYSTEM32\sfc.dll:sfc.dll (000001EB10030000), size: 12288 (result: 0), SymType: '-nosymbols-', PDB: 'C:\WINDOWS\SYSTEM32\sfc.dll', fileVersion: 10.0.19041.4842
C:\WINDOWS\SYSTEM32\NETUTILS.DLL:NETUTILS.DLL (00007FFC078A0000), size: 49152 (result: 0), SymType: '-nosymbols-', PDB: 'C:\WINDOWS\SYSTEM32\NETUTILS.DLL', fileVersion: 10.0.19041.3636
C:\WINDOWS\SYSTEM32\sfc_os.DLL:sfc_os.DLL (00007FFBFD550000), size: 73728 (result: 0), SymType: '-nosymbols-', PDB: 'C:\WINDOWS\SYSTEM32\sfc_os.DLL', fileVersion: 10.0.19041.4842
C:\WINDOWS\SYSTEM32\gpapi.dll:gpapi.dll (00007FFC06C50000), size: 143360 (result: 0), SymType: '-nosymbols-', PDB: 'C:\WINDOWS\SYSTEM32\gpapi.dll', fileVersion: 10.0.19041.4355
C:\Program Files\Malwarebytes\Anti-Malware\offreg.dll:offreg.dll (00007FFBFCCC0000), size: 106496 (result: 0), SymType: '-nosymbols-', PDB: 'C:\Program Files\Malwarebytes\Anti-Malware\offreg.dll', fileVersion: 10.0.19041.1
C:\Program Files\Avast Software\Avast\aswAMSI.dll:aswAMSI.dll (00007FFBFCBC0000), size: 1048576 (result: 0), SymType: '-nosymbols-', PDB: 'C:\Program Files\Avast Software\Avast\aswAMSI.dll', fileVersion: 26.7.11086.0
C:\WINDOWS\System32\NSI.dll:NSI.dll (00007FFC0AA00000), size: 32768 (result: 0), SymType: '-nosymbols-', PDB: 'C:\WINDOWS\System32\NSI.dll', fileVersion: 10.0.19041.3636
C:\WINDOWS\SYSTEM32\dhcpcsvc6.DLL:dhcpcsvc6.DLL (00007FFC02850000), size: 94208 (result: 0), SymType: '-nosymbols-', PDB: 'C:\WINDOWS\SYSTEM32\dhcpcsvc6.DLL', fileVersion: 10.0.19041.3636
C:\WINDOWS\SYSTEM32\dhcpcsvc.DLL:dhcpcsvc.DLL (00007FFC027E0000), size: 118784 (result: 0), SymType: '-nosymbols-', PDB: 'C:\WINDOWS\SYSTEM32\dhcpcsvc.DLL', fileVersion: 10.0.19041.3636
C:\WINDOWS\SYSTEM32\DNSAPI.dll:DNSAPI.dll (00007FFC077D0000), size: 827392 (result: 0), SymType: '-nosymbols-', PDB: 'C:\WINDOWS\SYSTEM32\DNSAPI.dll', fileVersion: 10.0.19041.5369
C:\Windows\System32\rasadhlp.dll:rasadhlp.dll (00007FFBFB1A0000), size: 40960 (result: 0), SymType: '-nosymbols-', PDB: 'C:\Windows\System32\rasadhlp.dll', fileVersion: 10.0.19041.6328
C:\WINDOWS\System32\fwpuclnt.dll:fwpuclnt.dll (00007FFBFB490000), size: 524288 (result: 0), SymType: '-nosymbols-', PDB: 'C:\WINDOWS\System32\fwpuclnt.dll', fileVersion: 10.0.19041.6328
C:\Program Files (x86)\Steam\steamapps\common\Across the Obelisk\MonoBleedingEdge\EmbedRuntime\MonoPosixHelper.dll:MonoPosixHelper.dll (00007FFBCFCB0000), size: 626688 (result: 0), SymType: '-nosymbols-', PDB: 'C:\Program Files (x86)\Steam\steamapps\common\Across the Obelisk\MonoBleedingEdge\EmbedRuntime\MonoPosixHelper.dll'
C:\WINDOWS\SYSTEM32\dbghelp.dll:dbghelp.dll (00007FFBFFFE0000), size: 2101248 (result: 0), SymType: '-nosymbols-', PDB: 'C:\WINDOWS\SYSTEM32\dbghelp.dll', fileVersion: 10.0.19041.5848
  ERROR: SymGetSymFromAddr64, GetLastError: 'Attempt to access invalid address.' (Address: 00007FFB253C9AD0)
0x00007FFB253C9AD0 (UnityPlayer) (function-name not available)
  ERROR: SymGetSymFromAddr64, GetLastError: 'Attempt to access invalid address.' (Address: 00007FFB253C9EDA)
0x00007FFB253C9EDA (UnityPlayer) (function-name not available)
0x00007FFBD0BF9D3E (mono-2.0-bdwgc) mono_gc_register_finalizer_callbacks
0x00007FFBD0BFA175 (mono-2.0-bdwgc) mono_gc_register_finalizer_callbacks
0x00007FFBD0BFADE4 (mono-2.0-bdwgc) mono_validate_string_pointer
0x00007FFBD0BFBCE4 (mono-2.0-bdwgc) mono_unity_liveness_calculation_from_root
  ERROR: SymGetSymFromAddr64, GetLastError: 'Attempt to access invalid address.' (Address: 00007FFB2562CF48)
0x00007FFB2562CF48 (UnityPlayer) (function-name not available)
  ERROR: SymGetSymFromAddr64, GetLastError: 'Attempt to access invalid address.' (Address: 00007FFB2562D2DC)
0x00007FFB2562D2DC (UnityPlayer) (function-name not available)
  ERROR: SymGetSymFromAddr64, GetLastError: 'Attempt to access invalid address.' (Address: 00007FFB2562ABF1)
0x00007FFB2562ABF1 (UnityPlayer) (function-name not available)
  ERROR: SymGetSymFromAddr64, GetLastError: 'Attempt to access invalid address.' (Address: 00007FFB25729D6C)
0x00007FFB25729D6C (UnityPlayer) (function-name not available)
0x00007FFC0A3E7374 (KERNEL32) BaseThreadInitThunk
0x00007FFC0ADFCC91 (ntdll) RtlUserThreadStart

========== END OF STACKTRACE ===========

A crash has been intercepted by the crash handler. For call stack and other details, see the latest crash report generated in:
 * C:/Users/choue/AppData/Local/Temp/Dreamsite Games/AcrossTheObelisk/Crashes
